string2 0,int 1,int 2,int 3,empty 4,empty 5,empty 6,string 7
"TEST_FLAG",0,-1,0,"","","",""
"FLAG_GIMMICK_FA_D0101_001",1000,-1,0,"","","","未使用"
"FLAG_GIMMICK_FA_D0101_002",1001,-1,0,"","","","未使用"
"FLAG_GIMMICK_FA_D0101_003",1002,-1,0,"","","","未使用"
"FLAG_GIMMICK_FA_D0101_004",1003,-1,0,"","","","未使用"
"FLAG_GIMMICK_FA_D0101_005",1004,-1,0,"","","","未使用"
"FLAG_GIMMICK_FA_D0101_006",1005,-1,0,"","","","未使用"
"FLAG_GIMMICK_FA_D0101_007",1006,-1,0,"","","","未使用"
"FLAG_GIMMICK_FA_D0101_008",1007,-1,0,"","","","未使用"
"FLAG_GIMMICK_FA_D0101_009",1008,-1,0,"","","","未使用"
"FLAG_GIMMICK_FA_D0101_010",1009,-1,0,"","","","未使用"
"FLAG_GIMMICK_FA_D0101_011",1010,-1,0,"","","","未使用"
"FLAG_GIMMICK_FA_D0101_012",1011,-1,0,"","","","未使用"
"FLAG_GIMMICK_FA_D0101_013",1012,-1,0,"","","","未使用"
"FLAG_GIMMICK_FA_D0101_014",1013,-1,0,"","","","未使用"
"FLAG_GIMMICK_FA_D0101_015",1014,-1,0,"","","","未使用"
"FLAG_GIMMICK_FA_D0101_016",1015,-1,0,"","","","未使用"
"FLAG_GIMMICK_FA_D0101_017",1016,-1,0,"","","","未使用"
"FLAG_GIMMICK_FA_D0101_018",1017,-1,0,"","","","未使用"
"FLAG_GIMMICK_FA_D0101_019",1018,-1,0,"","","","未使用"
"FLAG_GIMMICK_FA_D0101_020",1019,-1,0,"","","","未使用"
"FLAG_GIMMICK_FA_D0102_001",1020,-1,0,"","","","未使用"
"FLAG_GIMMICK_FA_D0102_002",1021,-1,0,"","","","未使用"
"FLAG_GIMMICK_FA_D0102_003",1022,-1,0,"","","","未使用"
"FLAG_GIMMICK_FA_D0102_004",1023,-1,0,"","","","未使用"
"FLAG_GIMMICK_FA_D0102_005",1024,-1,0,"","","","未使用"
"FLAG_GIMMICK_FA_D0102_006",1025,-1,0,"","","","未使用"
"FLAG_GIMMICK_FA_D0102_007",1026,-1,0,"","","","未使用"
"FLAG_GIMMICK_FA_D0102_008",1027,-1,0,"","","","未使用"
"FLAG_GIMMICK_FA_D0102_009",1028,-1,0,"","","","未使用"
"FLAG_GIMMICK_FA_D0102_010",1029,-1,0,"","","","未使用"
"FLAG_GIMMICK_FA_D0102_011",1030,-1,0,"","","","未使用"
"FLAG_GIMMICK_FA_D0102_012",1031,-1,0,"","","","未使用"
"FLAG_GIMMICK_FA_D0102_013",1032,-1,0,"","","","未使用"
"FLAG_GIMMICK_FA_D0102_014",1033,-1,0,"","","","未使用"
"FLAG_GIMMICK_FA_D0102_015",1034,-1,0,"","","","未使用"
"FLAG_GIMMICK_FA_D0102_016",1035,-1,0,"","","","未使用"
"FLAG_GIMMICK_FA_D0102_017",1036,-1,0,"","","","未使用"
"FLAG_GIMMICK_FA_D0102_018",1037,-1,0,"","","","未使用"
"FLAG_GIMMICK_FA_D0102_019",1038,-1,0,"","","","未使用"
"FLAG_GIMMICK_FA_D0102_020",1039,-1,0,"","","","未使用"
"FLAG_GIMMICK_FA_D0103_001",1040,-1,0,"","","","d0103 狭間ゲート解放用"
"FLAG_GIMMICK_FA_D0103_002",1041,-1,0,"","","","未使用"
"FLAG_GIMMICK_FA_D0103_003",1042,-1,0,"","","","未使用"
"FLAG_GIMMICK_FA_D0103_004",1043,-1,0,"","","","未使用"
"FLAG_GIMMICK_FA_D0103_005",1044,-1,0,"","","","未使用"
"FLAG_GIMMICK_FA_D0103_006",1045,-1,0,"","","","未使用"
"FLAG_GIMMICK_FA_D0103_007",1046,-1,0,"","","","未使用"
"FLAG_GIMMICK_FA_D0103_008",1047,-1,0,"","","","未使用"
"FLAG_GIMMICK_FA_D0103_009",1048,-1,0,"","","","未使用"
"FLAG_GIMMICK_FA_D0103_010",1049,-1,0,"","","","未使用"
"FLAG_GIMMICK_FA_D0103_011",1050,-1,0,"","","","未使用"
"FLAG_GIMMICK_FA_D0103_012",1051,-1,0,"","","","未使用"
"FLAG_GIMMICK_FA_D0103_013",1052,-1,0,"","","","未使用"
"FLAG_GIMMICK_FA_D0103_014",1053,-1,0,"","","","未使用"
"FLAG_GIMMICK_FA_D0103_015",1054,-1,0,"","","","未使用"
"FLAG_GIMMICK_FA_D0103_016",1055,-1,0,"","","","未使用"
"FLAG_GIMMICK_FA_D0103_017",1056,-1,0,"","","","未使用"
"FLAG_GIMMICK_FA_D0103_018",1057,-1,0,"","","","未使用"
"FLAG_GIMMICK_FA_D0103_019",1058,-1,0,"","","","未使用"
"FLAG_GIMMICK_FA_D0103_020",1059,-1,0,"","","","未使用"
"FLAG_GIMMICK_FA_D0104_001",1060,-1,0,"","","","未使用"
"FLAG_GIMMICK_FA_D0104_002",1061,-1,0,"","","","未使用"
"FLAG_GIMMICK_FA_D0104_003",1062,-1,0,"","","","未使用"
"FLAG_GIMMICK_FA_D0104_004",1063,-1,0,"","","","未使用"
"FLAG_GIMMICK_FA_D0104_005",1064,-1,0,"","","","未使用"
"FLAG_GIMMICK_FA_D0104_006",1065,-1,0,"","","","未使用"
"FLAG_GIMMICK_FA_D0104_007",1066,-1,0,"","","","未使用"
"FLAG_GIMMICK_FA_D0104_008",1067,-1,0,"","","","未使用"
"FLAG_GIMMICK_FA_D0104_009",1068,-1,0,"","","","未使用"
"FLAG_GIMMICK_FA_D0104_010",1069,-1,0,"","","","未使用"
"FLAG_GIMMICK_FA_D0104_011",1070,-1,0,"","","","未使用"
"FLAG_GIMMICK_FA_D0104_012",1071,-1,0,"","","","未使用"
"FLAG_GIMMICK_FA_D0104_013",1072,-1,0,"","","","未使用"
"FLAG_GIMMICK_FA_D0104_014",1073,-1,0,"","","","未使用"
"FLAG_GIMMICK_FA_D0104_015",1074,-1,0,"","","","未使用"
"FLAG_GIMMICK_FA_D0104_016",1075,-1,0,"","","","未使用"
"FLAG_GIMMICK_FA_D0104_017",1076,-1,0,"","","","未使用"
"FLAG_GIMMICK_FA_D0104_018",1077,-1,0,"","","","未使用"
"FLAG_GIMMICK_FA_D0104_019",1078,-1,0,"","","","未使用"
"FLAG_GIMMICK_FA_D0104_020",1079,-1,0,"","","","未使用"
"FLAG_GIMMICK_FA_D0105_001",1080,-1,0,"","","","未使用"
"FLAG_GIMMICK_FA_D0105_002",1081,-1,0,"","","","未使用"
"FLAG_GIMMICK_FA_D0105_003",1082,-1,0,"","","","未使用"
"FLAG_GIMMICK_FA_D0105_004",1083,-1,0,"","","","未使用"
"FLAG_GIMMICK_FA_D0105_005",1084,-1,0,"","","","未使用"
"FLAG_GIMMICK_FA_D0105_006",1085,-1,0,"","","","未使用"
"FLAG_GIMMICK_FA_D0105_007",1086,-1,0,"","","","未使用"
"FLAG_GIMMICK_FA_D0105_008",1087,-1,0,"","","","未使用"
"FLAG_GIMMICK_FA_D0105_009",1088,-1,0,"","","","未使用"
"FLAG_GIMMICK_FA_D0105_010",1089,-1,0,"","","","未使用"
"FLAG_GIMMICK_FA_D0105_011",1090,-1,0,"","","","未使用"
"FLAG_GIMMICK_FA_D0105_012",1091,-1,0,"","","","未使用"
"FLAG_GIMMICK_FA_D0105_013",1092,-1,0,"","","","未使用"
"FLAG_GIMMICK_FA_D0105_014",1093,-1,0,"","","","未使用"
"FLAG_GIMMICK_FA_D0105_015",1094,-1,0,"","","","未使用"
"FLAG_GIMMICK_FA_D0105_016",1095,-1,0,"","","","未使用"
"FLAG_GIMMICK_FA_D0105_017",1096,-1,0,"","","","未使用"
"FLAG_GIMMICK_FA_D0105_018",1097,-1,0,"","","","未使用"
"FLAG_GIMMICK_FA_D0105_019",1098,-1,0,"","","","未使用"
"FLAG_GIMMICK_FA_D0105_020",1099,-1,0,"","","","未使用"
"FLAG_GIMMICK_FA_D0106_001",1100,-1,0,"","","","未使用"
"FLAG_GIMMICK_FA_D0106_002",1101,-1,0,"","","","未使用"
"FLAG_GIMMICK_FA_D0106_003",1102,-1,0,"","","","未使用"
"FLAG_GIMMICK_FA_D0106_004",1103,-1,0,"","","","未使用"
"FLAG_GIMMICK_FA_D0106_005",1104,-1,0,"","","","未使用"
"FLAG_GIMMICK_FA_D0106_006",1105,-1,0,"","","","未使用"
"FLAG_GIMMICK_FA_D0106_007",1106,-1,0,"","","","未使用"
"FLAG_GIMMICK_FA_D0106_008",1107,-1,0,"","","","未使用"
"FLAG_GIMMICK_FA_D0106_009",1108,-1,0,"","","","未使用"
"FLAG_GIMMICK_FA_D0106_010",1109,-1,0,"","","","未使用"
"FLAG_GIMMICK_FA_D0106_011",1110,-1,0,"","","","未使用"
"FLAG_GIMMICK_FA_D0106_012",1111,-1,0,"","","","未使用"
"FLAG_GIMMICK_FA_D0106_013",1112,-1,0,"","","","未使用"
"FLAG_GIMMICK_FA_D0106_014",1113,-1,0,"","","","未使用"
"FLAG_GIMMICK_FA_D0106_015",1114,-1,0,"","","","未使用"
"FLAG_GIMMICK_FA_D0106_016",1115,-1,0,"","","","未使用"
"FLAG_GIMMICK_FA_D0106_017",1116,-1,0,"","","","未使用"
"FLAG_GIMMICK_FA_D0106_018",1117,-1,0,"","","","未使用"
"FLAG_GIMMICK_FA_D0106_019",1118,-1,0,"","","","未使用"
"FLAG_GIMMICK_FA_D0106_020",1119,-1,0,"","","","未使用"
"FLAG_GIMMICK_FA_D0107_001",1120,-1,0,"","","","未使用"
"FLAG_GIMMICK_FA_D0107_002",1121,-1,0,"","","","未使用"
"FLAG_GIMMICK_FA_D0107_003",1122,-1,0,"","","","未使用"
"FLAG_GIMMICK_FA_D0107_004",1123,-1,0,"","","","未使用"
"FLAG_GIMMICK_FA_D0107_005",1124,-1,0,"","","","未使用"
"FLAG_GIMMICK_FA_D0107_006",1125,-1,0,"","","","未使用"
"FLAG_GIMMICK_FA_D0107_007",1126,-1,0,"","","","未使用"
"FLAG_GIMMICK_FA_D0107_008",1127,-1,0,"","","","未使用"
"FLAG_GIMMICK_FA_D0107_009",1128,-1,0,"","","","未使用"
"FLAG_GIMMICK_FA_D0107_010",1129,-1,0,"","","","未使用"
"FLAG_GIMMICK_FA_D0107_011",1130,-1,0,"","","","未使用"
"FLAG_GIMMICK_FA_D0107_012",1131,-1,0,"","","","未使用"
"FLAG_GIMMICK_FA_D0107_013",1132,-1,0,"","","","未使用"
"FLAG_GIMMICK_FA_D0107_014",1133,-1,0,"","","","未使用"
"FLAG_GIMMICK_FA_D0107_015",1134,-1,0,"","","","未使用"
"FLAG_GIMMICK_FA_D0107_016",1135,-1,0,"","","","未使用"
"FLAG_GIMMICK_FA_D0107_017",1136,-1,0,"","","","未使用"
"FLAG_GIMMICK_FA_D0107_018",1137,-1,0,"","","","未使用"
"FLAG_GIMMICK_FA_D0107_019",1138,-1,0,"","","","未使用"
"FLAG_GIMMICK_FA_D0107_020",1139,-1,0,"","","","未使用"
"FLAG_GIMMICK_FA_D0108_001",1140,-1,0,"","","","未使用"
"FLAG_GIMMICK_FA_D0108_002",1141,-1,0,"","","","未使用"
"FLAG_GIMMICK_FA_D0108_003",1142,-1,0,"","","","未使用"
"FLAG_GIMMICK_FA_D0108_004",1143,-1,0,"","","","未使用"
"FLAG_GIMMICK_FA_D0108_005",1144,-1,0,"","","","未使用"
"FLAG_GIMMICK_FA_D0108_006",1145,-1,0,"","","","未使用"
"FLAG_GIMMICK_FA_D0108_007",1146,-1,0,"","","","未使用"
"FLAG_GIMMICK_FA_D0108_008",1147,-1,0,"","","","未使用"
"FLAG_GIMMICK_FA_D0108_009",1148,-1,0,"","","","未使用"
"FLAG_GIMMICK_FA_D0108_010",1149,-1,0,"","","","未使用"
"FLAG_GIMMICK_FA_D0108_011",1150,-1,0,"","","","未使用"
"FLAG_GIMMICK_FA_D0108_012",1151,-1,0,"","","","未使用"
"FLAG_GIMMICK_FA_D0108_013",1152,-1,0,"","","","未使用"
"FLAG_GIMMICK_FA_D0108_014",1153,-1,0,"","","","未使用"
"FLAG_GIMMICK_FA_D0108_015",1154,-1,0,"","","","未使用"
"FLAG_GIMMICK_FA_D0108_016",1155,-1,0,"","","","未使用"
"FLAG_GIMMICK_FA_D0108_017",1156,-1,0,"","","","未使用"
"FLAG_GIMMICK_FA_D0108_018",1157,-1,0,"","","","未使用"
"FLAG_GIMMICK_FA_D0108_019",1158,-1,0,"","","","未使用"
"FLAG_GIMMICK_FA_D0108_020",1159,-1,0,"","","","未使用"
"FLAG_GIMMICK_FA_D0109_001",1160,-1,0,"","","","未使用"
"FLAG_GIMMICK_FA_D0109_002",1161,-1,0,"","","","未使用"
"FLAG_GIMMICK_FA_D0109_003",1162,-1,0,"","","","未使用"
"FLAG_GIMMICK_FA_D0109_004",1163,-1,0,"","","","未使用"
"FLAG_GIMMICK_FA_D0109_005",1164,-1,0,"","","","未使用"
"FLAG_GIMMICK_FA_D0109_006",1165,-1,0,"","","","未使用"
"FLAG_GIMMICK_FA_D0109_007",1166,-1,0,"","","","未使用"
"FLAG_GIMMICK_FA_D0109_008",1167,-1,0,"","","","未使用"
"FLAG_GIMMICK_FA_D0109_009",1168,-1,0,"","","","未使用"
"FLAG_GIMMICK_FA_D0109_010",1169,-1,0,"","","","未使用"
"FLAG_GIMMICK_FA_D0109_011",1170,-1,0,"","","","未使用"
"FLAG_GIMMICK_FA_D0109_012",1171,-1,0,"","","","未使用"
"FLAG_GIMMICK_FA_D0109_013",1172,-1,0,"","","","未使用"
"FLAG_GIMMICK_FA_D0109_014",1173,-1,0,"","","","未使用"
"FLAG_GIMMICK_FA_D0109_015",1174,-1,0,"","","","未使用"
"FLAG_GIMMICK_FA_D0109_016",1175,-1,0,"","","","未使用"
"FLAG_GIMMICK_FA_D0109_017",1176,-1,0,"","","","未使用"
"FLAG_GIMMICK_FA_D0109_018",1177,-1,0,"","","","未使用"
"FLAG_GIMMICK_FA_D0109_019",1178,-1,0,"","","","未使用"
"FLAG_GIMMICK_FA_D0109_020",1179,-1,0,"","","","未使用"
"FLAG_GIMMICK_FA_D0201_001",1180,-1,0,"","","","未使用"
"FLAG_GIMMICK_FA_D0202_001",1200,-1,0,"","","","d0202 狭間ゲート表示用破壊オブジェクト"
"FLAG_GIMMICK_FA_D0203_001",1220,-1,0,"","","","未使用"
"FLAG_GIMMICK_FA_D0204_001",1240,-1,0,"","","","未使用"
"FLAG_GIMMICK_FA_D0205_001",1260,140,11,"","","","d0205 バリケード"
"FLAG_GIMMICK_FA_D0205_002",1261,140,11,"","","","d0205 バリケード"
"FLAG_GIMMICK_FA_D0205_003",1262,140,11,"","","","d0205 バリケード"
"FLAG_GIMMICK_FA_D0205_004",1263,140,11,"","","","d0205 バリケード"
"FLAG_GIMMICK_FA_D0205_005",1264,140,11,"","","","d0205 バリケード"
"FLAG_GIMMICK_FA_D0205_006",1265,140,11,"","","","d0205 バリケード"
"FLAG_GIMMICK_FA_D0205_007",1266,-1,0,"","","","未使用"
"FLAG_GIMMICK_FA_D0205_008",1267,-1,0,"","","","未使用"
"FLAG_GIMMICK_FA_D0205_009",1268,-1,0,"","","","未使用"
"FLAG_GIMMICK_FA_D0205_010",1269,-1,0,"","","","未使用"
"FLAG_GIMMICK_FA_D0205_011",1270,-1,0,"","","","d0205 FA宝箱用"
"FLAG_GIMMICK_FA_D0205_012",1271,-1,0,"","","","d0205 FA宝箱用"
"FLAG_GIMMICK_FA_D0205_013",1272,-1,0,"","","","d0205 FA宝箱用"
"FLAG_GIMMICK_FA_D0205_014",1273,-1,0,"","","","d0205 FA宝箱用"
"FLAG_GIMMICK_FA_D0205_015",1274,-1,0,"","","","d0205 FA宝箱用"
"FLAG_GIMMICK_FA_D0205_016",1275,-1,0,"","","","d0205 FA宝箱用"
"FLAG_GIMMICK_FA_D0205_017",1276,-1,0,"","","","d0205 FA宝箱用"
"FLAG_GIMMICK_FA_D0205_018",1277,-1,0,"","","","未使用"
"FLAG_GIMMICK_FA_D0205_019",1278,-1,0,"","","","未使用"
"FLAG_GIMMICK_FA_D0205_020",1279,-1,0,"","","","未使用"
"FLAG_GIMMICK_FA_D0206_001",1280,-1,0,"","","","未使用"
"FLAG_GIMMICK_FA_D0207_001",1300,140,30,"","","","d0207 ハグルモン前"
"FLAG_GIMMICK_FA_D0207_002",1301,-1,0,"","","","d0207 鉄骨前"
"FLAG_GIMMICK_FA_D0207_003",1302,-1,0,"","","","未使用"
"FLAG_GIMMICK_FA_D0207_004",1303,-1,0,"","","","未使用"
"FLAG_GIMMICK_FA_D0207_005",1304,-1,0,"","","","未使用"
"FLAG_GIMMICK_FA_D0207_006",1305,-1,0,"","","","未使用"
"FLAG_GIMMICK_FA_D0207_007",1306,-1,0,"","","","未使用"
"FLAG_GIMMICK_FA_D0207_008",1307,-1,0,"","","","未使用"
"FLAG_GIMMICK_FA_D0207_009",1308,-1,0,"","","","未使用"
"FLAG_GIMMICK_FA_D0207_010",1309,-1,0,"","","","未使用"
"FLAG_GIMMICK_FA_D0207_011",1310,-1,0,"","","","d0207 FA宝箱"
"FLAG_GIMMICK_FA_D0207_012",1311,-1,0,"","","","d0207 FA宝箱"
"FLAG_GIMMICK_FA_D0207_013",1312,-1,0,"","","","d0207 FA宝箱"
"FLAG_GIMMICK_FA_D0207_014",1313,-1,0,"","","","d0207 FA宝箱"
"FLAG_GIMMICK_FA_D0207_015",1314,-1,0,"","","","未使用"
"FLAG_GIMMICK_FA_D0207_016",1315,-1,0,"","","","未使用"
"FLAG_GIMMICK_FA_D0207_017",1316,-1,0,"","","","未使用"
"FLAG_GIMMICK_FA_D0207_018",1317,-1,0,"","","","未使用"
"FLAG_GIMMICK_FA_D0207_019",1318,-1,0,"","","","未使用"
"FLAG_GIMMICK_FA_D0207_020",1319,-1,0,"","","","未使用"
"FLAG_GIMMICK_FA_D0208_001",1320,-1,0,"","","","d0208 バリケード"
"FLAG_GIMMICK_FA_D0208_002",1321,-1,0,"","","","d0208 バリケード"
"FLAG_GIMMICK_FA_D0208_003",1322,-1,0,"","","","d0208 バリケード"
"FLAG_GIMMICK_FA_D0208_004",1323,-1,0,"","","","d0208 バリケード"
"FLAG_GIMMICK_FA_D0208_005",1324,-1,0,"","","","未使用"
"FLAG_GIMMICK_FA_D0208_006",1325,-1,0,"","","","未使用"
"FLAG_GIMMICK_FA_D0208_007",1326,-1,0,"","","","未使用"
"FLAG_GIMMICK_FA_D0208_008",1327,-1,0,"","","","未使用"
"FLAG_GIMMICK_FA_D0208_009",1328,-1,0,"","","","未使用"
"FLAG_GIMMICK_FA_D0208_010",1329,-1,0,"","","","未使用"
"FLAG_GIMMICK_FA_D0208_011",1330,-1,0,"","","","d0208 FA宝箱"
"FLAG_GIMMICK_FA_D0208_012",1331,-1,0,"","","","d0208 FA宝箱"
"FLAG_GIMMICK_FA_D0208_013",1332,-1,0,"","","","d0208 FA宝箱"
"FLAG_GIMMICK_FA_D0208_014",1333,-1,0,"","","","d0208 FA宝箱"
"FLAG_GIMMICK_FA_D0208_015",1334,-1,0,"","","","未使用"
"FLAG_GIMMICK_FA_D0208_016",1335,-1,0,"","","","未使用"
"FLAG_GIMMICK_FA_D0208_017",1336,-1,0,"","","","未使用"
"FLAG_GIMMICK_FA_D0208_018",1337,-1,0,"","","","未使用"
"FLAG_GIMMICK_FA_D0208_019",1338,-1,0,"","","","未使用"
"FLAG_GIMMICK_FA_D0208_020",1339,-1,0,"","","","未使用"
"FLAG_GIMMICK_FA_D0209_001",1340,140,30,"","","","d0209 ハグルモン前"
"FLAG_GIMMICK_FA_D0209_002",1341,140,30,"","","","d0209 ハグルモン前"
"FLAG_GIMMICK_FA_D0209_003",1342,140,30,"","","","d0209 ハグルモン前"
"FLAG_GIMMICK_FA_D0209_004",1343,-1,0,"","","","未使用"
"FLAG_GIMMICK_FA_D0209_005",1344,-1,0,"","","","未使用"
"FLAG_GIMMICK_FA_D0209_006",1345,-1,0,"","","","未使用"
"FLAG_GIMMICK_FA_D0209_007",1346,-1,0,"","","","未使用"
"FLAG_GIMMICK_FA_D0209_008",1347,-1,0,"","","","未使用"
"FLAG_GIMMICK_FA_D0209_009",1348,-1,0,"","","","未使用"
"FLAG_GIMMICK_FA_D0209_010",1349,-1,0,"","","","未使用"
"FLAG_GIMMICK_FA_D0209_011",1350,-1,0,"","","","d0209 FA宝箱"
"FLAG_GIMMICK_FA_D0209_012",1351,-1,0,"","","","d0209 FA宝箱"
"FLAG_GIMMICK_FA_D0209_013",1352,-1,0,"","","","d0209 FA宝箱"
"FLAG_GIMMICK_FA_D0209_014",1353,-1,0,"","","","未使用"
"FLAG_GIMMICK_FA_D0209_015",1354,-1,0,"","","","未使用"
"FLAG_GIMMICK_FA_D0209_016",1355,-1,0,"","","","未使用"
"FLAG_GIMMICK_FA_D0209_017",1356,-1,0,"","","","未使用"
"FLAG_GIMMICK_FA_D0209_018",1357,-1,0,"","","","未使用"
"FLAG_GIMMICK_FA_D0209_019",1358,-1,0,"","","","未使用"
"FLAG_GIMMICK_FA_D0209_020",1359,-1,0,"","","","未使用"
"FLAG_GIMMICK_FA_D0210_001",1360,-1,0,"","","","d0210エレベーターギミック用"
"FLAG_GIMMICK_FA_D0210_002",1361,-1,0,"","","","d0210 劇場前FA"
"FLAG_GIMMICK_FA_D0210_003",1362,-1,0,"","","","未使用"
"FLAG_GIMMICK_FA_D0210_004",1363,-1,0,"","","","未使用"
"FLAG_GIMMICK_FA_D0210_005",1364,-1,0,"","","","未使用"
"FLAG_GIMMICK_FA_D0210_006",1365,-1,0,"","","","未使用"
"FLAG_GIMMICK_FA_D0210_007",1366,-1,0,"","","","未使用"
"FLAG_GIMMICK_FA_D0210_008",1367,-1,0,"","","","未使用"
"FLAG_GIMMICK_FA_D0210_009",1368,-1,0,"","","","未使用"
"FLAG_GIMMICK_FA_D0210_010",1369,-1,0,"","","","未使用"
"FLAG_GIMMICK_FA_D0210_011",1370,-1,0,"","","","未使用"
"FLAG_GIMMICK_FA_D0210_012",1371,-1,0,"","","","未使用"
"FLAG_GIMMICK_FA_D0210_013",1372,-1,0,"","","","未使用"
"FLAG_GIMMICK_FA_D0210_014",1373,-1,0,"","","","未使用"
"FLAG_GIMMICK_FA_D0210_015",1374,-1,0,"","","","未使用"
"FLAG_GIMMICK_FA_D0210_016",1375,-1,0,"","","","未使用"
"FLAG_GIMMICK_FA_D0210_017",1376,-1,0,"","","","未使用"
"FLAG_GIMMICK_FA_D0210_018",1377,-1,0,"","","","未使用"
"FLAG_GIMMICK_FA_D0210_019",1378,-1,0,"","","","未使用"
"FLAG_GIMMICK_FA_D0210_020",1379,-1,0,"","","","未使用"
"FLAG_GIMMICK_FA_D0211_001",1380,-1,0,"","","","未使用"
"FLAG_GIMMICK_FA_D0212_001",1400,-1,0,"","","","未使用"
"FLAG_GIMMICK_FA_D0213_001",1420,-1,0,"","","","未使用"
"FLAG_GIMMICK_FA_D0214_001",1440,-1,0,"","","","未使用"
"FLAG_GIMMICK_FA_D0215_001",1460,-1,0,"","","","未使用"
"FLAG_GIMMICK_FA_D0216_001",1480,-1,0,"","","","ｄ0126 狭間ゲート解放用"
"FLAG_GIMMICK_FA_D0217_001",1500,-1,0,"","","","d0217 宝箱部屋入り口FA"
"FLAG_GIMMICK_FA_D0217_002",1501,-1,0,"","","","d0217 見下ろし部屋入り口FA"
"FLAG_GIMMICK_FA_D0217_003",1502,-1,0,"","","","d0217 劇場前FA"
"FLAG_GIMMICK_FA_D0217_004",1503,-1,0,"","","","未使用"
"FLAG_GIMMICK_FA_D0217_005",1504,-1,0,"","","","未使用"
"FLAG_GIMMICK_FA_D0217_006",1505,-1,0,"","","","未使用"
"FLAG_GIMMICK_FA_D0217_007",1506,-1,0,"","","","未使用"
"FLAG_GIMMICK_FA_D0217_008",1507,-1,0,"","","","未使用"
"FLAG_GIMMICK_FA_D0217_009",1508,-1,0,"","","","未使用"
"FLAG_GIMMICK_FA_D0217_010",1509,-1,0,"","","","未使用"
"FLAG_GIMMICK_FA_D0217_011",1510,-1,0,"","","","d0217 FA宝箱"
"FLAG_GIMMICK_FA_D0217_012",1511,-1,0,"","","","d0217 FA宝箱"
"FLAG_GIMMICK_FA_D0217_013",1512,-1,0,"","","","d0217 FA宝箱"
"FLAG_GIMMICK_FA_D0217_014",1513,-1,0,"","","","d0217 FA宝箱"
"FLAG_GIMMICK_FA_D0217_015",1514,-1,0,"","","","d0217 狭間ダンジョン"
"FLAG_GIMMICK_FA_D0217_016",1515,-1,0,"","","","未使用"
"FLAG_GIMMICK_FA_D0217_017",1516,-1,0,"","","","未使用"
"FLAG_GIMMICK_FA_D0217_018",1517,-1,0,"","","","未使用"
"FLAG_GIMMICK_FA_D0217_019",1518,-1,0,"","","","未使用"
"FLAG_GIMMICK_FA_D0217_020",1519,-1,0,"","","","未使用"
"FLAG_GIMMICK_FA_D0301_001",1520,-1,0,"","","","未使用"
"FLAG_GIMMICK_FA_D0302_001",1540,-1,0,"","","","d0302 薬草探し中のカメモン乗ってる"
"FLAG_GIMMICK_FA_D0302_002",1541,-1,0,"","","","未使用"
"FLAG_GIMMICK_FA_D0302_003",1542,-1,0,"","","","未使用"
"FLAG_GIMMICK_FA_D0302_004",1543,-1,0,"","","","未使用"
"FLAG_GIMMICK_FA_D0302_005",1544,-1,0,"","","","未使用"
"FLAG_GIMMICK_FA_D0302_006",1545,-1,0,"","","","未使用"
"FLAG_GIMMICK_FA_D0302_007",1546,-1,0,"","","","未使用"
"FLAG_GIMMICK_FA_D0302_008",1547,-1,0,"","","","未使用"
"FLAG_GIMMICK_FA_D0302_009",1548,-1,0,"","","","未使用"
"FLAG_GIMMICK_FA_D0302_010",1549,-1,0,"","","","未使用"
"FLAG_GIMMICK_FA_D0302_011",1550,-1,0,"","","","未使用"
"FLAG_GIMMICK_FA_D0302_012",1551,-1,0,"","","","未使用"
"FLAG_GIMMICK_FA_D0302_013",1552,-1,0,"","","","未使用"
"FLAG_GIMMICK_FA_D0302_014",1553,-1,0,"","","","未使用"
"FLAG_GIMMICK_FA_D0302_015",1554,-1,0,"","","","未使用"
"FLAG_GIMMICK_FA_D0302_016",1555,-1,0,"","","","未使用"
"FLAG_GIMMICK_FA_D0302_017",1556,-1,0,"","","","未使用"
"FLAG_GIMMICK_FA_D0302_018",1557,-1,0,"","","","未使用"
"FLAG_GIMMICK_FA_D0302_019",1558,-1,0,"","","","未使用"
"FLAG_GIMMICK_FA_D0302_020",1559,-1,0,"","","","未使用"
"FLAG_GIMMICK_FA_D0303_001",1560,-1,0,"","","","d0303 水流中のバリケード"
"FLAG_GIMMICK_FA_D0303_002",1561,-1,0,"","","","d0303 水流中のバリケード"
"FLAG_GIMMICK_FA_D0303_003",1562,-1,0,"","","","d0303 水流中のバリケード"
"FLAG_GIMMICK_FA_D0303_004",1563,-1,0,"","","","d0303 水流中のバリケード"
"FLAG_GIMMICK_FA_D0303_005",1564,-1,0,"","","","d0303 水流中のバリケード"
"FLAG_GIMMICK_FA_D0303_006",1565,-1,0,"","","","d0303 水流中のバリケード"
"FLAG_GIMMICK_FA_D0303_007",1566,-1,0,"","","","d0303 水流中のバリケード"
"FLAG_GIMMICK_FA_D0303_008",1567,-1,0,"","","","d0303 水流中のバリケード"
"FLAG_GIMMICK_FA_D0303_009",1568,-1,0,"","","","d0303 水流中のバリケード"
"FLAG_GIMMICK_FA_D0303_010",1569,-1,0,"","","","d0303 水流中のバリケード"
"FLAG_GIMMICK_FA_D0303_011",1570,-1,0,"","","","d0303 水流中のバリケード"
"FLAG_GIMMICK_FA_D0303_012",1571,-1,0,"","","","d0303 水流中のバリケード"
"FLAG_GIMMICK_FA_D0303_013",1572,-1,0,"","","","d0303 劇場前FAオブジェ"
"FLAG_GIMMICK_FA_D0303_014",1573,-1,0,"","","","d0303 劇場前FAオブジェ"
"FLAG_GIMMICK_FA_D0303_015",1574,-1,0,"","","","未使用"
"FLAG_GIMMICK_FA_D0303_016",1575,-1,0,"","","","未使用"
"FLAG_GIMMICK_FA_D0303_017",1576,-1,0,"","","","未使用"
"FLAG_GIMMICK_FA_D0303_018",1577,-1,0,"","","","未使用"
"FLAG_GIMMICK_FA_D0303_019",1578,-1,0,"","","","未使用"
"FLAG_GIMMICK_FA_D0303_020",1579,-1,0,"","","","未使用"
"FLAG_GIMMICK_FA_D0304_001",1580,-1,0,"","","","未使用"
"FLAG_GIMMICK_FA_D0304_002",1581,-1,0,"","","","未使用"
"FLAG_GIMMICK_FA_D0304_003",1582,-1,0,"","","","未使用"
"FLAG_GIMMICK_FA_D0304_004",1583,-1,0,"","","","未使用"
"FLAG_GIMMICK_FA_D0304_005",1584,-1,0,"","","","未使用"
"FLAG_GIMMICK_FA_D0304_006",1585,-1,0,"","","","未使用"
"FLAG_GIMMICK_FA_D0304_007",1586,-1,0,"","","","未使用"
"FLAG_GIMMICK_FA_D0304_008",1587,-1,0,"","","","未使用"
"FLAG_GIMMICK_FA_D0304_009",1588,-1,0,"","","","未使用"
"FLAG_GIMMICK_FA_D0304_010",1589,-1,0,"","","","未使用"
"FLAG_GIMMICK_FA_D0304_011",1590,-1,0,"","","","未使用"
"FLAG_GIMMICK_FA_D0304_012",1591,-1,0,"","","","未使用"
"FLAG_GIMMICK_FA_D0304_013",1592,-1,0,"","","","未使用"
"FLAG_GIMMICK_FA_D0304_014",1593,-1,0,"","","","未使用"
"FLAG_GIMMICK_FA_D0304_015",1594,-1,0,"","","","未使用"
"FLAG_GIMMICK_FA_D0304_016",1595,-1,0,"","","","未使用"
"FLAG_GIMMICK_FA_D0304_017",1596,-1,0,"","","","未使用"
"FLAG_GIMMICK_FA_D0304_018",1597,-1,0,"","","","未使用"
"FLAG_GIMMICK_FA_D0304_019",1598,-1,0,"","","","未使用"
"FLAG_GIMMICK_FA_D0304_020",1599,-1,0,"","","","未使用"
"FLAG_GIMMICK_FA_D0305_001",1600,-1,0,"","","","未使用"
"FLAG_GIMMICK_FA_D0305_002",1601,-1,0,"","","","未使用"
"FLAG_GIMMICK_FA_D0305_003",1602,-1,0,"","","","未使用"
"FLAG_GIMMICK_FA_D0305_004",1603,-1,0,"","","","未使用"
"FLAG_GIMMICK_FA_D0305_005",1604,-1,0,"","","","未使用"
"FLAG_GIMMICK_FA_D0305_006",1605,-1,0,"","","","未使用"
"FLAG_GIMMICK_FA_D0305_007",1606,-1,0,"","","","未使用"
"FLAG_GIMMICK_FA_D0305_008",1607,-1,0,"","","","未使用"
"FLAG_GIMMICK_FA_D0305_009",1608,-1,0,"","","","未使用"
"FLAG_GIMMICK_FA_D0305_010",1609,-1,0,"","","","未使用"
"FLAG_GIMMICK_FA_D0305_011",1610,-1,0,"","","","未使用"
"FLAG_GIMMICK_FA_D0305_012",1611,-1,0,"","","","未使用"
"FLAG_GIMMICK_FA_D0305_013",1612,-1,0,"","","","未使用"
"FLAG_GIMMICK_FA_D0305_014",1613,-1,0,"","","","未使用"
"FLAG_GIMMICK_FA_D0305_015",1614,-1,0,"","","","未使用"
"FLAG_GIMMICK_FA_D0305_016",1615,-1,0,"","","","未使用"
"FLAG_GIMMICK_FA_D0305_017",1616,-1,0,"","","","未使用"
"FLAG_GIMMICK_FA_D0305_018",1617,-1,0,"","","","未使用"
"FLAG_GIMMICK_FA_D0305_019",1618,-1,0,"","","","未使用"
"FLAG_GIMMICK_FA_D0305_020",1619,-1,0,"","","","未使用"
"FLAG_GIMMICK_FA_D0306_001",1620,-1,0,"","","","未使用"
"FLAG_GIMMICK_FA_D0307_001",1640,-1,0,"","","","未使用"
"FLAG_GIMMICK_FA_D0308_001",1660,-1,0,"","","","未使用"
"FLAG_GIMMICK_FA_D0401_001",1680,-1,0,"","","","d0401 FAバリケード"
"FLAG_GIMMICK_FA_D0401_002",1681,-1,0,"","","","d0401 FAバリケード　ショートカット開通"
"FLAG_GIMMICK_FA_D0401_003",1682,-1,0,"","","","d0401 FAバリケード"
"FLAG_GIMMICK_FA_D0401_004",1683,-1,0,"","","","未使用"
"FLAG_GIMMICK_FA_D0401_005",1684,180,32,"","","","d0401 ツタライド妨害"
"FLAG_GIMMICK_FA_D0401_006",1685,180,32,"","","","d0401 ツタライド妨害"
"FLAG_GIMMICK_FA_D0401_007",1686,180,32,"","","","d0401 ツタライド妨害"
"FLAG_GIMMICK_FA_D0401_008",1687,180,32,"","","","d0401 ツタライド妨害"
"FLAG_GIMMICK_FA_D0401_009",1688,180,32,"","","","d0401 ツタライド妨害"
"FLAG_GIMMICK_FA_D0401_010",1689,-1,0,"","","","未使用"
"FLAG_GIMMICK_FA_D0401_011",1690,-1,0,"","","","未使用"
"FLAG_GIMMICK_FA_D0401_012",1691,-1,0,"","","","未使用"
"FLAG_GIMMICK_FA_D0401_013",1692,-1,0,"","","","未使用"
"FLAG_GIMMICK_FA_D0401_014",1693,-1,0,"","","","未使用"
"FLAG_GIMMICK_FA_D0401_015",1694,-1,0,"","","","未使用"
"FLAG_GIMMICK_FA_D0401_016",1695,-1,0,"","","","未使用"
"FLAG_GIMMICK_FA_D0401_017",1696,-1,0,"","","","未使用"
"FLAG_GIMMICK_FA_D0401_018",1697,-1,0,"","","","未使用"
"FLAG_GIMMICK_FA_D0401_019",1698,-1,0,"","","","未使用"
"FLAG_GIMMICK_FA_D0401_020",1699,-1,0,"","","","未使用"
"FLAG_GIMMICK_FA_D0402_001",1700,-1,0,"","","","d0402 FAバリケード"
"FLAG_GIMMICK_FA_D0402_002",1701,-1,0,"","","","未使用"
"FLAG_GIMMICK_FA_D0402_003",1702,-1,0,"","","","未使用"
"FLAG_GIMMICK_FA_D0402_004",1703,-1,0,"","","","未使用"
"FLAG_GIMMICK_FA_D0402_005",1704,-1,0,"","","","未使用"
"FLAG_GIMMICK_FA_D0402_006",1705,-1,0,"","","","未使用"
"FLAG_GIMMICK_FA_D0402_007",1706,-1,0,"","","","未使用"
"FLAG_GIMMICK_FA_D0402_008",1707,-1,0,"","","","未使用"
"FLAG_GIMMICK_FA_D0402_009",1708,-1,0,"","","","未使用"
"FLAG_GIMMICK_FA_D0402_010",1709,-1,0,"","","","未使用"
"FLAG_GIMMICK_FA_D0402_011",1710,-1,0,"","","","未使用"
"FLAG_GIMMICK_FA_D0402_012",1711,-1,0,"","","","未使用"
"FLAG_GIMMICK_FA_D0402_013",1712,-1,0,"","","","未使用"
"FLAG_GIMMICK_FA_D0402_014",1713,-1,0,"","","","未使用"
"FLAG_GIMMICK_FA_D0402_015",1714,-1,0,"","","","未使用"
"FLAG_GIMMICK_FA_D0402_016",1715,-1,0,"","","","未使用"
"FLAG_GIMMICK_FA_D0402_017",1716,-1,0,"","","","未使用"
"FLAG_GIMMICK_FA_D0402_018",1717,-1,0,"","","","未使用"
"FLAG_GIMMICK_FA_D0402_019",1718,-1,0,"","","","未使用"
"FLAG_GIMMICK_FA_D0402_020",1719,-1,0,"","","","未使用"
"FLAG_GIMMICK_FA_D0403_001",1720,-1,0,"","","","d0403 FAバリケード"
"FLAG_GIMMICK_FA_D0403_002",1721,-1,0,"","","","d0403 FAバリケード"
"FLAG_GIMMICK_FA_D0403_003",1722,-1,0,"","","","d0403 FAバリケード"
"FLAG_GIMMICK_FA_D0403_004",1723,-1,0,"","","","d0403 FAバリケード"
"FLAG_GIMMICK_FA_D0403_005",1724,-1,0,"","","","d0403 FAバリケード"
"FLAG_GIMMICK_FA_D0403_006",1725,-1,0,"","","","d0403 FAバリケード"
"FLAG_GIMMICK_FA_D0403_007",1726,-1,0,"","","","d0403 FAバリケード"
"FLAG_GIMMICK_FA_D0403_008",1727,-1,0,"","","","d0403 FAバリケード"
"FLAG_GIMMICK_FA_D0403_009",1728,-1,0,"","","","d0403 FAバリケード"
"FLAG_GIMMICK_FA_D0403_010",1729,-1,0,"","","","d0403 FAバリケード"
"FLAG_GIMMICK_FA_D0403_011",1730,180,33,"","","","d0403 ツタライド妨害"
"FLAG_GIMMICK_FA_D0403_012",1731,180,33,"","","","d0403 ツタライド妨害"
"FLAG_GIMMICK_FA_D0403_013",1732,180,33,"","","","d0403 ツタライド妨害"
"FLAG_GIMMICK_FA_D0403_014",1733,180,33,"","","","d0403 ツタライド妨害"
"FLAG_GIMMICK_FA_D0403_015",1734,180,33,"","","","d0403 ツタライド妨害"
"FLAG_GIMMICK_FA_D0403_016",1735,180,33,"","","","d0403 ツタライド妨害"
"FLAG_GIMMICK_FA_D0403_017",1736,180,33,"","","","d0403 ツタライド妨害"
"FLAG_GIMMICK_FA_D0403_018",1737,180,33,"","","","d0403 ツタライド妨害"
"FLAG_GIMMICK_FA_D0403_019",1738,180,33,"","","","d0403 ツタライド妨害"
"FLAG_GIMMICK_FA_D0403_020",1739,180,33,"","","","d0403 ツタライド妨害"
"FLAG_GIMMICK_FA_D0404_001",1740,-1,0,"","","","d0404 FAオブジェクト用"
"FLAG_GIMMICK_FA_D0404_002",1741,-1,0,"","","","未使用"
"FLAG_GIMMICK_FA_D0404_003",1742,-1,0,"","","","未使用"
"FLAG_GIMMICK_FA_D0404_004",1743,-1,0,"","","","未使用"
"FLAG_GIMMICK_FA_D0404_005",1744,-1,0,"","","","未使用"
"FLAG_GIMMICK_FA_D0404_006",1745,-1,0,"","","","未使用"
"FLAG_GIMMICK_FA_D0404_007",1746,-1,0,"","","","未使用"
"FLAG_GIMMICK_FA_D0404_008",1747,-1,0,"","","","未使用"
"FLAG_GIMMICK_FA_D0404_009",1748,-1,0,"","","","未使用"
"FLAG_GIMMICK_FA_D0404_010",1749,-1,0,"","","","未使用"
"FLAG_GIMMICK_FA_D0404_011",1750,-1,0,"","","","未使用"
"FLAG_GIMMICK_FA_D0404_012",1751,-1,0,"","","","未使用"
"FLAG_GIMMICK_FA_D0404_013",1752,-1,0,"","","","未使用"
"FLAG_GIMMICK_FA_D0404_014",1753,-1,0,"","","","未使用"
"FLAG_GIMMICK_FA_D0404_015",1754,-1,0,"","","","未使用"
"FLAG_GIMMICK_FA_D0404_016",1755,-1,0,"","","","未使用"
"FLAG_GIMMICK_FA_D0404_017",1756,-1,0,"","","","未使用"
"FLAG_GIMMICK_FA_D0404_018",1757,-1,0,"","","","未使用"
"FLAG_GIMMICK_FA_D0404_019",1758,-1,0,"","","","未使用"
"FLAG_GIMMICK_FA_D0404_020",1759,-1,0,"","","","未使用"
"FLAG_GIMMICK_FA_D0405_001",1760,-1,0,"","","","未使用"
"FLAG_GIMMICK_FA_D0405_002",1761,-1,0,"","","","未使用"
"FLAG_GIMMICK_FA_D0405_003",1762,-1,0,"","","","未使用"
"FLAG_GIMMICK_FA_D0405_004",1763,-1,0,"","","","未使用"
"FLAG_GIMMICK_FA_D0405_005",1764,-1,0,"","","","未使用"
"FLAG_GIMMICK_FA_D0405_006",1765,-1,0,"","","","未使用"
"FLAG_GIMMICK_FA_D0405_007",1766,-1,0,"","","","未使用"
"FLAG_GIMMICK_FA_D0405_008",1767,-1,0,"","","","未使用"
"FLAG_GIMMICK_FA_D0405_009",1768,-1,0,"","","","未使用"
"FLAG_GIMMICK_FA_D0405_010",1769,-1,0,"","","","未使用"
"FLAG_GIMMICK_FA_D0405_011",1770,-1,0,"","","","d0405 FA宝箱"
"FLAG_GIMMICK_FA_D0405_012",1771,-1,0,"","","","d0405 FA宝箱"
"FLAG_GIMMICK_FA_D0405_013",1772,-1,0,"","","","未使用"
"FLAG_GIMMICK_FA_D0405_014",1773,-1,0,"","","","未使用"
"FLAG_GIMMICK_FA_D0405_015",1774,-1,0,"","","","未使用"
"FLAG_GIMMICK_FA_D0405_016",1775,-1,0,"","","","未使用"
"FLAG_GIMMICK_FA_D0405_017",1776,-1,0,"","","","未使用"
"FLAG_GIMMICK_FA_D0405_018",1777,-1,0,"","","","未使用"
"FLAG_GIMMICK_FA_D0405_019",1778,-1,0,"","","","未使用"
"FLAG_GIMMICK_FA_D0405_020",1779,-1,0,"","","","未使用"
"FLAG_GIMMICK_FA_D0406_001",1780,-1,0,"","","","未使用"
"FLAG_GIMMICK_FA_D0407_001",1800,-1,0,"","","","d0407 ジュレイモンFA"
"FLAG_GIMMICK_FA_D0407_002",1801,-1,0,"","","","d0407 ジュレイモンの通路ふさぎの壁１"
"FLAG_GIMMICK_FA_D0407_003",1802,-1,0,"","","","d0407 ジュレイモンの通路ふさぎの壁２"
"FLAG_GIMMICK_FA_D0407_004",1803,-1,0,"","","","未使用"
"FLAG_GIMMICK_FA_D0407_005",1804,-1,0,"","","","未使用"
"FLAG_GIMMICK_FA_D0407_006",1805,-1,0,"","","","未使用"
"FLAG_GIMMICK_FA_D0407_007",1806,-1,0,"","","","未使用"
"FLAG_GIMMICK_FA_D0407_008",1807,-1,0,"","","","未使用"
"FLAG_GIMMICK_FA_D0407_009",1808,-1,0,"","","","未使用"
"FLAG_GIMMICK_FA_D0407_010",1809,-1,0,"","","","未使用"
"FLAG_GIMMICK_FA_D0407_011",1810,-1,0,"","","","未使用"
"FLAG_GIMMICK_FA_D0407_012",1811,-1,0,"","","","未使用"
"FLAG_GIMMICK_FA_D0407_013",1812,-1,0,"","","","未使用"
"FLAG_GIMMICK_FA_D0407_014",1813,-1,0,"","","","未使用"
"FLAG_GIMMICK_FA_D0407_015",1814,-1,0,"","","","未使用"
"FLAG_GIMMICK_FA_D0407_016",1815,-1,0,"","","","未使用"
"FLAG_GIMMICK_FA_D0407_017",1816,-1,0,"","","","未使用"
"FLAG_GIMMICK_FA_D0407_018",1817,-1,0,"","","","未使用"
"FLAG_GIMMICK_FA_D0407_019",1818,-1,0,"","","","未使用"
"FLAG_GIMMICK_FA_D0407_020",1819,-1,0,"","","","未使用"
"FLAG_GIMMICK_FA_D0408_001",1820,-1,0,"","","","未使用"
"FLAG_GIMMICK_FA_D0409_001",1840,-1,0,"","","","未使用"
"FLAG_GIMMICK_FA_D0410_001",1860,-1,0,"","","","未使用"
"FLAG_GIMMICK_FA_D0501_001",1880,-1,0,"","","","d0501 駅内　狭間ダンジョン封鎖用"
"FLAG_GIMMICK_FA_D0502_001",1900,150,103,"","","","d0502 NPCの上の瓦礫"
"FLAG_GIMMICK_FA_D0502_002",1901,150,105,"","","","d0502暴走デジモン前バリケード"
"FLAG_GIMMICK_FA_D0502_003",1902,150,105,"","","","d0502壊れかけの巨大扉"
"FLAG_GIMMICK_FA_D0502_004",1903,150,105,"","","","d0502バリケード"
"FLAG_GIMMICK_FA_D0502_005",1904,150,105,"","","","d0502バリケード"
"FLAG_GIMMICK_FA_D0502_006",1905,150,105,"","","","d0502バリケード"
"FLAG_GIMMICK_FA_D0502_007",1906,-1,0,"","","","d0502バリケード"
"FLAG_GIMMICK_FA_D0502_008",1907,-1,0,"","","","d0502バリケード"
"FLAG_GIMMICK_FA_D0502_009",1908,-1,0,"","","","d0502バリケード"
"FLAG_GIMMICK_FA_D0502_010",1909,-1,0,"","","","d0502バリケード"
"FLAG_GIMMICK_FA_D0502_011",1910,-1,0,"","","","d0502FA宝箱"
"FLAG_GIMMICK_FA_D0502_012",1911,-1,0,"","","","d0502FA宝箱"
"FLAG_GIMMICK_FA_D0502_013",1912,-1,0,"","","","d0502FA宝箱"
"FLAG_GIMMICK_FA_D0502_014",1913,-1,0,"","","","d0502FA宝箱"
"FLAG_GIMMICK_FA_D0502_015",1914,-1,0,"","","","d0502FA宝箱"
"FLAG_GIMMICK_FA_D0502_016",1915,-1,0,"","","","d0502FA宝箱"
"FLAG_GIMMICK_FA_D0502_017",1916,-1,0,"","","","未使用"
"FLAG_GIMMICK_FA_D0502_018",1917,-1,0,"","","","未使用"
"FLAG_GIMMICK_FA_D0502_019",1918,-1,0,"","","","未使用"
"FLAG_GIMMICK_FA_D0502_020",1919,-1,0,"","","","緊急使用"
"FLAG_GIMMICK_FA_D0503_001",1920,-1,0,"","","","未使用"
"FLAG_GIMMICK_FA_D0504_001",1940,-1,0,"","","","未使用"
"FLAG_GIMMICK_FA_D0505_001",1960,-1,0,"","","","未使用"
"FLAG_GIMMICK_FA_D0506_001",1980,-1,0,"","","","未使用"
"FLAG_GIMMICK_FA_D0507_001",2000,-1,0,"","","","未使用"
"FLAG_GIMMICK_FA_D0508_001",2020,-1,0,"","","","未使用"
"FLAG_GIMMICK_FA_D0509_001",2040,-1,0,"","","","未使用"
"FLAG_GIMMICK_FA_D0510_001",2060,-1,0,"","","","未使用"
"FLAG_GIMMICK_FA_D0511_001",2080,-1,0,"","","","未使用"
"FLAG_GIMMICK_FA_D0512_001",2100,-1,0,"","","","未使用"
"FLAG_GIMMICK_FA_D0513_001",2120,-1,0,"","","","未使用"
"FLAG_GIMMICK_FA_D0550_001",2140,-1,0,"","","","未使用"
"FLAG_GIMMICK_FA_D0551_001",2160,-1,0,"","","","未使用"
"FLAG_GIMMICK_FA_D0552_001",2180,-1,0,"","","","未使用"
"FLAG_GIMMICK_FA_D0601_001",2200,-1,0,"","","","未使用"
"FLAG_GIMMICK_FA_D0602_001",2220,-1,0,"","","","未使用"
"FLAG_GIMMICK_FA_D0602_002",2221,-1,0,"","","","未使用"
"FLAG_GIMMICK_FA_D0602_003",2222,-1,0,"","","","未使用"
"FLAG_GIMMICK_FA_D0602_004",2223,-1,0,"","","","未使用"
"FLAG_GIMMICK_FA_D0602_005",2224,-1,0,"","","","未使用"
"FLAG_GIMMICK_FA_D0602_006",2225,-1,0,"","","","未使用"
"FLAG_GIMMICK_FA_D0602_007",2226,-1,0,"","","","未使用"
"FLAG_GIMMICK_FA_D0602_008",2227,-1,0,"","","","未使用"
"FLAG_GIMMICK_FA_D0602_009",2228,-1,0,"","","","未使用"
"FLAG_GIMMICK_FA_D0602_010",2229,-1,0,"","","","未使用"
"FLAG_GIMMICK_FA_D0602_011",2230,-1,0,"","","","未使用"
"FLAG_GIMMICK_FA_D0602_012",2231,-1,0,"","","","未使用"
"FLAG_GIMMICK_FA_D0602_013",2232,-1,0,"","","","未使用"
"FLAG_GIMMICK_FA_D0602_014",2233,-1,0,"","","","未使用"
"FLAG_GIMMICK_FA_D0602_015",2234,-1,0,"","","","未使用"
"FLAG_GIMMICK_FA_D0602_016",2235,-1,0,"","","","未使用"
"FLAG_GIMMICK_FA_D0602_017",2236,-1,0,"","","","未使用"
"FLAG_GIMMICK_FA_D0602_018",2237,-1,0,"","","","未使用"
"FLAG_GIMMICK_FA_D0602_019",2238,-1,0,"","","","未使用"
"FLAG_GIMMICK_FA_D0602_020",2239,-1,0,"","","","未使用"
"FLAG_GIMMICK_FA_D0603_001",2240,-1,0,"","","","サーチアイ北１FA"
"FLAG_GIMMICK_FA_D0603_002",2241,-1,0,"","","","サーチアイ北２FA"
"FLAG_GIMMICK_FA_D0603_003",2242,-1,0,"","","","サーチアイ南１FA"
"FLAG_GIMMICK_FA_D0603_004",2243,-1,0,"","","","サーチアイ南２FA"
"FLAG_GIMMICK_FA_D0603_005",2244,-1,0,"","","","サーチアイ南３FA"
"FLAG_GIMMICK_FA_D0603_006",2245,-1,0,"","","","サーチアイ南４FA"
"FLAG_GIMMICK_FA_D0603_007",2246,-1,0,"","","","未使用"
"FLAG_GIMMICK_FA_D0603_008",2247,-1,0,"","","","未使用"
"FLAG_GIMMICK_FA_D0603_009",2248,-1,0,"","","","未使用"
"FLAG_GIMMICK_FA_D0603_010",2249,-1,0,"","","","未使用"
"FLAG_GIMMICK_FA_D0603_011",2250,-1,0,"","","","未使用"
"FLAG_GIMMICK_FA_D0603_012",2251,-1,0,"","","","未使用"
"FLAG_GIMMICK_FA_D0603_013",2252,-1,0,"","","","未使用"
"FLAG_GIMMICK_FA_D0603_014",2253,-1,0,"","","","未使用"
"FLAG_GIMMICK_FA_D0603_015",2254,-1,0,"","","","未使用"
"FLAG_GIMMICK_FA_D0603_016",2255,-1,0,"","","","未使用"
"FLAG_GIMMICK_FA_D0603_017",2256,-1,0,"","","","未使用"
"FLAG_GIMMICK_FA_D0603_018",2257,-1,0,"","","","未使用"
"FLAG_GIMMICK_FA_D0603_019",2258,-1,0,"","","","未使用"
"FLAG_GIMMICK_FA_D0603_020",2259,-1,0,"","","","未使用"
"FLAG_GIMMICK_FA_D0604_001",2260,-1,0,"","","","壊せる壁１　sub161"
"FLAG_GIMMICK_FA_D0604_002",2261,-1,0,"","","","壊せる壁"
"FLAG_GIMMICK_FA_D0604_003",2262,-1,0,"","","","未使用"
"FLAG_GIMMICK_FA_D0604_004",2263,-1,0,"","","","未使用"
"FLAG_GIMMICK_FA_D0604_005",2264,-1,0,"","","","未使用"
"FLAG_GIMMICK_FA_D0604_006",2265,-1,0,"","","","未使用"
"FLAG_GIMMICK_FA_D0604_007",2266,-1,0,"","","","未使用"
"FLAG_GIMMICK_FA_D0604_008",2267,-1,0,"","","","未使用"
"FLAG_GIMMICK_FA_D0604_009",2268,-1,0,"","","","未使用"
"FLAG_GIMMICK_FA_D0604_010",2269,-1,0,"","","","未使用"
"FLAG_GIMMICK_FA_D0604_011",2270,-1,0,"","","","未使用"
"FLAG_GIMMICK_FA_D0604_012",2271,-1,0,"","","","未使用"
"FLAG_GIMMICK_FA_D0604_013",2272,-1,0,"","","","未使用"
"FLAG_GIMMICK_FA_D0604_014",2273,-1,0,"","","","未使用"
"FLAG_GIMMICK_FA_D0604_015",2274,-1,0,"","","","未使用"
"FLAG_GIMMICK_FA_D0604_016",2275,-1,0,"","","","未使用"
"FLAG_GIMMICK_FA_D0604_017",2276,-1,0,"","","","未使用"
"FLAG_GIMMICK_FA_D0604_018",2277,-1,0,"","","","未使用"
"FLAG_GIMMICK_FA_D0604_019",2278,-1,0,"","","","未使用"
"FLAG_GIMMICK_FA_D0604_020",2279,-1,0,"","","","未使用"
"FLAG_GIMMICK_FA_D0605_001",2280,-1,0,"","","","未使用"
"FLAG_GIMMICK_FA_D0606_001",2300,-1,0,"","","","未使用"
"FLAG_GIMMICK_FA_D0607_001",2320,-1,0,"","","","未使用"
"FLAG_GIMMICK_FA_D0608_001",2340,-1,0,"","","","未使用"
"FLAG_GIMMICK_FA_D0701_001",2360,-1,0,"","","","FA障害物"
"FLAG_GIMMICK_FA_D0701_002",2361,-1,0,"","","","未使用"
"FLAG_GIMMICK_FA_D0701_003",2362,-1,0,"","","","未使用"
"FLAG_GIMMICK_FA_D0701_004",2363,-1,0,"","","","未使用"
"FLAG_GIMMICK_FA_D0701_005",2364,-1,0,"","","","未使用"
"FLAG_GIMMICK_FA_D0701_006",2365,-1,0,"","","","未使用"
"FLAG_GIMMICK_FA_D0701_007",2366,-1,0,"","","","未使用"
"FLAG_GIMMICK_FA_D0701_008",2367,-1,0,"","","","未使用"
"FLAG_GIMMICK_FA_D0701_009",2368,-1,0,"","","","未使用"
"FLAG_GIMMICK_FA_D0701_010",2369,-1,0,"","","","未使用"
"FLAG_GIMMICK_FA_D0701_011",2370,-1,0,"","","","未使用"
"FLAG_GIMMICK_FA_D0701_012",2371,-1,0,"","","","未使用"
"FLAG_GIMMICK_FA_D0701_013",2372,-1,0,"","","","未使用"
"FLAG_GIMMICK_FA_D0701_014",2373,-1,0,"","","","未使用"
"FLAG_GIMMICK_FA_D0701_015",2374,-1,0,"","","","未使用"
"FLAG_GIMMICK_FA_D0701_016",2375,-1,0,"","","","未使用"
"FLAG_GIMMICK_FA_D0701_017",2376,-1,0,"","","","未使用"
"FLAG_GIMMICK_FA_D0701_018",2377,-1,0,"","","","未使用"
"FLAG_GIMMICK_FA_D0701_019",2378,-1,0,"","","","未使用"
"FLAG_GIMMICK_FA_D0701_020",2379,-1,0,"","","","未使用"
"FLAG_GIMMICK_FA_D0702_001",2380,-1,0,"","","","未使用"
"FLAG_GIMMICK_FA_D0702_002",2381,-1,0,"","","","未使用"
"FLAG_GIMMICK_FA_D0702_003",2382,-1,0,"","","","未使用"
"FLAG_GIMMICK_FA_D0702_004",2383,-1,0,"","","","未使用"
"FLAG_GIMMICK_FA_D0702_005",2384,-1,0,"","","","未使用"
"FLAG_GIMMICK_FA_D0702_006",2385,-1,0,"","","","未使用"
"FLAG_GIMMICK_FA_D0702_007",2386,-1,0,"","","","未使用"
"FLAG_GIMMICK_FA_D0702_008",2387,-1,0,"","","","未使用"
"FLAG_GIMMICK_FA_D0702_009",2388,-1,0,"","","","未使用"
"FLAG_GIMMICK_FA_D0702_010",2389,-1,0,"","","","未使用"
"FLAG_GIMMICK_FA_D0702_011",2390,-1,0,"","","","未使用"
"FLAG_GIMMICK_FA_D0702_012",2391,-1,0,"","","","未使用"
"FLAG_GIMMICK_FA_D0702_013",2392,-1,0,"","","","未使用"
"FLAG_GIMMICK_FA_D0702_014",2393,-1,0,"","","","未使用"
"FLAG_GIMMICK_FA_D0702_015",2394,-1,0,"","","","未使用"
"FLAG_GIMMICK_FA_D0702_016",2395,-1,0,"","","","未使用"
"FLAG_GIMMICK_FA_D0702_017",2396,-1,0,"","","","未使用"
"FLAG_GIMMICK_FA_D0702_018",2397,-1,0,"","","","未使用"
"FLAG_GIMMICK_FA_D0702_019",2398,-1,0,"","","","未使用"
"FLAG_GIMMICK_FA_D0702_020",2399,-1,0,"","","","未使用"
"FLAG_GIMMICK_FA_D0703_001",2400,-1,0,"","","","未使用"
"FLAG_GIMMICK_FA_D0703_002",2401,-1,0,"","","","未使用"
"FLAG_GIMMICK_FA_D0703_003",2402,-1,0,"","","","未使用"
"FLAG_GIMMICK_FA_D0703_004",2403,-1,0,"","","","未使用"
"FLAG_GIMMICK_FA_D0703_005",2404,-1,0,"","","","未使用"
"FLAG_GIMMICK_FA_D0703_006",2405,-1,0,"","","","未使用"
"FLAG_GIMMICK_FA_D0703_007",2406,-1,0,"","","","未使用"
"FLAG_GIMMICK_FA_D0703_008",2407,-1,0,"","","","未使用"
"FLAG_GIMMICK_FA_D0703_009",2408,-1,0,"","","","未使用"
"FLAG_GIMMICK_FA_D0703_010",2409,-1,0,"","","","未使用"
"FLAG_GIMMICK_FA_D0703_011",2410,-1,0,"","","","未使用"
"FLAG_GIMMICK_FA_D0703_012",2411,-1,0,"","","","未使用"
"FLAG_GIMMICK_FA_D0703_013",2412,-1,0,"","","","未使用"
"FLAG_GIMMICK_FA_D0703_014",2413,-1,0,"","","","未使用"
"FLAG_GIMMICK_FA_D0703_015",2414,-1,0,"","","","未使用"
"FLAG_GIMMICK_FA_D0703_016",2415,-1,0,"","","","未使用"
"FLAG_GIMMICK_FA_D0703_017",2416,-1,0,"","","","未使用"
"FLAG_GIMMICK_FA_D0703_018",2417,-1,0,"","","","未使用"
"FLAG_GIMMICK_FA_D0703_019",2418,-1,0,"","","","未使用"
"FLAG_GIMMICK_FA_D0703_020",2419,-1,0,"","","","未使用"
"FLAG_GIMMICK_FA_D0801_001",2420,-1,0,"","","","未使用"
"FLAG_GIMMICK_FA_D0802_001",2440,-1,0,"","","","未使用"
"FLAG_GIMMICK_FA_D0901_001",2460,-1,0,"","","","未使用"
"FLAG_GIMMICK_FA_D0901_002",2461,-1,0,"","","","未使用"
"FLAG_GIMMICK_FA_D0901_003",2462,-1,0,"","","","未使用"
"FLAG_GIMMICK_FA_D0901_004",2463,-1,0,"","","","未使用"
"FLAG_GIMMICK_FA_D0901_005",2464,-1,0,"","","","未使用"
"FLAG_GIMMICK_FA_D0901_006",2465,-1,0,"","","","未使用"
"FLAG_GIMMICK_FA_D0901_007",2466,-1,0,"","","","未使用"
"FLAG_GIMMICK_FA_D0901_008",2467,-1,0,"","","","未使用"
"FLAG_GIMMICK_FA_D0901_009",2468,-1,0,"","","","未使用"
"FLAG_GIMMICK_FA_D0901_010",2469,-1,0,"","","","未使用"
"FLAG_GIMMICK_FA_D0901_011",2470,-1,0,"","","","未使用"
"FLAG_GIMMICK_FA_D0901_012",2471,-1,0,"","","","未使用"
"FLAG_GIMMICK_FA_D0901_013",2472,-1,0,"","","","未使用"
"FLAG_GIMMICK_FA_D0901_014",2473,-1,0,"","","","未使用"
"FLAG_GIMMICK_FA_D0901_015",2474,-1,0,"","","","未使用"
"FLAG_GIMMICK_FA_D0901_016",2475,-1,0,"","","","未使用"
"FLAG_GIMMICK_FA_D0901_017",2476,-1,0,"","","","未使用"
"FLAG_GIMMICK_FA_D0901_018",2477,-1,0,"","","","未使用"
"FLAG_GIMMICK_FA_D0901_019",2478,-1,0,"","","","未使用"
"FLAG_GIMMICK_FA_D0901_020",2479,-1,0,"","","","未使用"
"FLAG_GIMMICK_FA_D0902_001",2480,-1,0,"","","","未使用"
"FLAG_GIMMICK_FA_D0902_002",2481,-1,0,"","","","未使用"
"FLAG_GIMMICK_FA_D0902_003",2482,-1,0,"","","","未使用"
"FLAG_GIMMICK_FA_D0902_004",2483,-1,0,"","","","未使用"
"FLAG_GIMMICK_FA_D0902_005",2484,-1,0,"","","","未使用"
"FLAG_GIMMICK_FA_D0902_006",2485,-1,0,"","","","未使用"
"FLAG_GIMMICK_FA_D0902_007",2486,-1,0,"","","","未使用"
"FLAG_GIMMICK_FA_D0902_008",2487,-1,0,"","","","未使用"
"FLAG_GIMMICK_FA_D0902_009",2488,-1,0,"","","","未使用"
"FLAG_GIMMICK_FA_D0902_010",2489,-1,0,"","","","未使用"
"FLAG_GIMMICK_FA_D0902_011",2490,-1,0,"","","","未使用"
"FLAG_GIMMICK_FA_D0902_012",2491,-1,0,"","","","未使用"
"FLAG_GIMMICK_FA_D0902_013",2492,-1,0,"","","","未使用"
"FLAG_GIMMICK_FA_D0902_014",2493,-1,0,"","","","未使用"
"FLAG_GIMMICK_FA_D0902_015",2494,-1,0,"","","","未使用"
"FLAG_GIMMICK_FA_D0902_016",2495,-1,0,"","","","未使用"
"FLAG_GIMMICK_FA_D0902_017",2496,-1,0,"","","","未使用"
"FLAG_GIMMICK_FA_D0902_018",2497,-1,0,"","","","未使用"
"FLAG_GIMMICK_FA_D0902_019",2498,-1,0,"","","","未使用"
"FLAG_GIMMICK_FA_D0902_020",2499,-1,0,"","","","未使用"
"FLAG_GIMMICK_FA_D0905_001",2501,-1,0,"","","","見えない床上の敵NPC"
"FLAG_GIMMICK_FA_D0905_002",2502,-1,0,"","","","見えない床上の敵NPC"
"FLAG_GIMMICK_FA_D0905_003",2503,-1,0,"","","","見えない床上の敵NPC"
"FLAG_GIMMICK_FA_D0905_004",2504,-1,0,"","","","見えない床上の敵NPC"
"FLAG_GIMMICK_FA_D0905_005",2505,-1,0,"","","","見えない床上の敵NPC"
"FLAG_GIMMICK_FA_D0905_006",2506,-1,0,"","","","見えない床上の敵NPC"
"FLAG_GIMMICK_FA_D0905_007",2507,-1,0,"","","","見えない床上の敵NPC"
"FLAG_GIMMICK_FA_D0905_008",2508,-1,0,"","","","見えない床上の敵NPC"
"FLAG_GIMMICK_FA_D0905_009",2509,-1,0,"","","","見えない床上の敵NPC"
"FLAG_GIMMICK_FA_D0905_010",2510,-1,0,"","","","見えない床上の敵NPC"
"FLAG_GIMMICK_FA_D1001_001",2520,-1,0,"","","","d1001 FAオブジェクト用"
"FLAG_GIMMICK_FA_D1001_002",2521,-1,0,"","","","未使用"
"FLAG_GIMMICK_FA_D1001_003",2522,-1,0,"","","","未使用"
"FLAG_GIMMICK_FA_D1001_004",2523,-1,0,"","","","未使用"
"FLAG_GIMMICK_FA_D1001_005",2524,-1,0,"","","","未使用"
"FLAG_GIMMICK_FA_D1001_006",2525,-1,0,"","","","未使用"
"FLAG_GIMMICK_FA_D1001_007",2526,-1,0,"","","","未使用"
"FLAG_GIMMICK_FA_D1001_008",2527,-1,0,"","","","未使用"
"FLAG_GIMMICK_FA_D1001_009",2528,-1,0,"","","","未使用"
"FLAG_GIMMICK_FA_D1001_010",2529,-1,0,"","","","未使用"
"FLAG_GIMMICK_FA_D1001_011",2530,-1,0,"","","","未使用"
"FLAG_GIMMICK_FA_D1001_012",2531,-1,0,"","","","未使用"
"FLAG_GIMMICK_FA_D1001_013",2532,-1,0,"","","","未使用"
"FLAG_GIMMICK_FA_D1001_014",2533,-1,0,"","","","未使用"
"FLAG_GIMMICK_FA_D1001_015",2534,-1,0,"","","","未使用"
"FLAG_GIMMICK_FA_D1001_016",2535,-1,0,"","","","未使用"
"FLAG_GIMMICK_FA_D1001_017",2536,-1,0,"","","","未使用"
"FLAG_GIMMICK_FA_D1001_018",2537,-1,0,"","","","未使用"
"FLAG_GIMMICK_FA_D1001_019",2538,-1,0,"","","","未使用"
"FLAG_GIMMICK_FA_D1001_020",2539,-1,0,"","","","未使用"
"FLAG_GIMMICK_FA_D1002_001",2540,-1,0,"","","","未使用"
"FLAG_GIMMICK_FA_D1003_001",2560,-1,0,"","","","d1003チュートリアルFAオブジェクト"
"FLAG_GIMMICK_FA_D1003_002",2561,-1,0,"","","","d1003FAオブジェクト用"
"FLAG_GIMMICK_FA_D1003_003",2562,-1,0,"","","","未使用"
"FLAG_GIMMICK_FA_D1003_004",2563,-1,0,"","","","未使用"
"FLAG_GIMMICK_FA_D1003_005",2564,-1,0,"","","","未使用"
"FLAG_GIMMICK_FA_D1003_006",2565,-1,0,"","","","未使用"
"FLAG_GIMMICK_FA_D1003_007",2566,-1,0,"","","","未使用"
"FLAG_GIMMICK_FA_D1003_008",2567,-1,0,"","","","未使用"
"FLAG_GIMMICK_FA_D1003_009",2568,-1,0,"","","","未使用"
"FLAG_GIMMICK_FA_D1003_010",2569,-1,0,"","","","未使用"
"FLAG_GIMMICK_FA_D1003_011",2570,-1,0,"","","","未使用"
"FLAG_GIMMICK_FA_D1003_012",2571,-1,0,"","","","未使用"
"FLAG_GIMMICK_FA_D1003_013",2572,-1,0,"","","","未使用"
"FLAG_GIMMICK_FA_D1003_014",2573,-1,0,"","","","未使用"
"FLAG_GIMMICK_FA_D1003_015",2574,-1,0,"","","","未使用"
"FLAG_GIMMICK_FA_D1003_016",2575,-1,0,"","","","未使用"
"FLAG_GIMMICK_FA_D1003_017",2576,-1,0,"","","","未使用"
"FLAG_GIMMICK_FA_D1003_018",2577,-1,0,"","","","未使用"
"FLAG_GIMMICK_FA_D1003_019",2578,-1,0,"","","","未使用"
"FLAG_GIMMICK_FA_D1003_020",2579,-1,0,"","","","未使用"
"FLAG_GIMMICK_FA_D1004_001",2580,-1,0,"","","","未使用"
"FLAG_GIMMICK_FA_D1101_001",2600,60,40,"","","","d1101FA障害物"
"FLAG_GIMMICK_FA_D1101_002",2601,60,40,"","","","d1101FA障害物"
"FLAG_GIMMICK_FA_D1101_003",2602,60,40,"","","","d1101FA障害物"
"FLAG_GIMMICK_FA_D1101_004",2603,60,40,"","","","d1101FA障害物"
"FLAG_GIMMICK_FA_D1101_005",2604,60,40,"","","","d1101FA障害物"
"FLAG_GIMMICK_FA_D1101_006",2605,60,40,"","","","d1101FA障害物"
"FLAG_GIMMICK_FA_D1101_007",2606,60,40,"","","","d1101FA障害物"
"FLAG_GIMMICK_FA_D1101_008",2607,60,40,"","","","d1101FA障害物"
"FLAG_GIMMICK_FA_D1101_009",2608,-1,0,"","","","未使用"
"FLAG_GIMMICK_FA_D1101_010",2609,-1,0,"","","","未使用"
"FLAG_GIMMICK_FA_D1101_011",2610,-1,0,"","","","d1101FA宝箱"
"FLAG_GIMMICK_FA_D1101_012",2611,-1,0,"","","","d1101FA宝箱"
"FLAG_GIMMICK_FA_D1101_013",2612,-1,0,"","","","d1101FA宝箱"
"FLAG_GIMMICK_FA_D1101_014",2613,-1,0,"","","","d1101FA宝箱"
"FLAG_GIMMICK_FA_D1101_015",2614,-1,0,"","","","d1101FA宝箱"
"FLAG_GIMMICK_FA_D1101_016",2615,-1,0,"","","","未使用"
"FLAG_GIMMICK_FA_D1101_017",2616,-1,0,"","","","未使用"
"FLAG_GIMMICK_FA_D1101_018",2617,-1,0,"","","","未使用"
"FLAG_GIMMICK_FA_D1101_019",2618,-1,0,"","","","未使用"
"FLAG_GIMMICK_FA_D1101_020",2619,-1,0,"","","","未使用"
"FLAG_GIMMICK_FA_D1102_001",2620,40,60,"","","","d1102FA鉄格子"
"FLAG_GIMMICK_FA_D1102_002",2621,-1,0,"","","","未使用"
"FLAG_GIMMICK_FA_D1102_003",2622,-1,0,"","","","未使用"
"FLAG_GIMMICK_FA_D1102_004",2623,-1,0,"","","","未使用"
"FLAG_GIMMICK_FA_D1102_005",2624,-1,0,"","","","未使用"
"FLAG_GIMMICK_FA_D1102_006",2625,-1,0,"","","","未使用"
"FLAG_GIMMICK_FA_D1102_007",2626,-1,0,"","","","未使用"
"FLAG_GIMMICK_FA_D1102_008",2627,-1,0,"","","","未使用"
"FLAG_GIMMICK_FA_D1102_009",2628,-1,0,"","","","未使用"
"FLAG_GIMMICK_FA_D1102_010",2629,-1,0,"","","","未使用"
"FLAG_GIMMICK_FA_D1102_011",2630,-1,0,"","","","未使用"
"FLAG_GIMMICK_FA_D1102_012",2631,-1,0,"","","","d1102FA宝箱"
"FLAG_GIMMICK_FA_D1102_013",2632,-1,0,"","","","d1102FA宝箱"
"FLAG_GIMMICK_FA_D1102_014",2633,-1,0,"","","","d1102FA宝箱"
"FLAG_GIMMICK_FA_D1102_015",2634,-1,0,"","","","d1102FA宝箱"
"FLAG_GIMMICK_FA_D1102_016",2635,-1,0,"","","","d1102FA宝箱"
"FLAG_GIMMICK_FA_D1102_017",2636,-1,0,"","","","d1102FA宝箱"
"FLAG_GIMMICK_FA_D1102_018",2637,-1,0,"","","","未使用"
"FLAG_GIMMICK_FA_D1102_019",2638,-1,0,"","","","未使用"
"FLAG_GIMMICK_FA_D1102_020",2639,-1,0,"","","","未使用"
"FLAG_GIMMICK_FA_D1103_001",2640,-1,0,"","","","未使用"
"FLAG_GIMMICK_FA_D1104_001",2660,-1,0,"","","","未使用"
"FLAG_GIMMICK_FA_D1201_001",2680,-1,0,"","","","脆い壁FA"
"FLAG_GIMMICK_FA_D1201_002",2681,-1,0,"","","","未使用"
"FLAG_GIMMICK_FA_D1201_003",2682,-1,0,"","","","未使用"
"FLAG_GIMMICK_FA_D1201_004",2683,-1,0,"","","","未使用"
"FLAG_GIMMICK_FA_D1201_005",2684,-1,0,"","","","未使用"
"FLAG_GIMMICK_FA_D1201_006",2685,-1,0,"","","","未使用"
"FLAG_GIMMICK_FA_D1201_007",2686,-1,0,"","","","未使用"
"FLAG_GIMMICK_FA_D1201_008",2687,-1,0,"","","","未使用"
"FLAG_GIMMICK_FA_D1201_009",2688,-1,0,"","","","未使用"
"FLAG_GIMMICK_FA_D1201_010",2689,-1,0,"","","","未使用"
"FLAG_GIMMICK_FA_D1201_011",2690,-1,0,"","","","未使用"
"FLAG_GIMMICK_FA_D1201_012",2691,-1,0,"","","","未使用"
"FLAG_GIMMICK_FA_D1201_013",2692,-1,0,"","","","未使用"
"FLAG_GIMMICK_FA_D1201_014",2693,-1,0,"","","","未使用"
"FLAG_GIMMICK_FA_D1201_015",2694,-1,0,"","","","未使用"
"FLAG_GIMMICK_FA_D1201_016",2695,-1,0,"","","","未使用"
"FLAG_GIMMICK_FA_D1201_017",2696,-1,0,"","","","未使用"
"FLAG_GIMMICK_FA_D1201_018",2697,-1,0,"","","","未使用"
"FLAG_GIMMICK_FA_D1201_019",2698,-1,0,"","","","未使用"
"FLAG_GIMMICK_FA_D1201_020",2699,-1,0,"","","","未使用"
"FLAG_GIMMICK_FA_D1202_001",2700,-1,0,"","","","未使用"
"FLAG_GIMMICK_FA_D1202_002",2701,-1,0,"","","","未使用"
"FLAG_GIMMICK_FA_D1202_003",2702,-1,0,"","","","未使用"
"FLAG_GIMMICK_FA_D1202_004",2703,-1,0,"","","","未使用"
"FLAG_GIMMICK_FA_D1202_005",2704,-1,0,"","","","未使用"
"FLAG_GIMMICK_FA_D1202_006",2705,-1,0,"","","","未使用"
"FLAG_GIMMICK_FA_D1202_007",2706,-1,0,"","","","未使用"
"FLAG_GIMMICK_FA_D1202_008",2707,-1,0,"","","","未使用"
"FLAG_GIMMICK_FA_D1202_009",2708,-1,0,"","","","未使用"
"FLAG_GIMMICK_FA_D1202_010",2709,-1,0,"","","","未使用"
"FLAG_GIMMICK_FA_D1202_011",2710,-1,0,"","","","未使用"
"FLAG_GIMMICK_FA_D1202_012",2711,-1,0,"","","","未使用"
"FLAG_GIMMICK_FA_D1202_013",2712,-1,0,"","","","未使用"
"FLAG_GIMMICK_FA_D1202_014",2713,-1,0,"","","","未使用"
"FLAG_GIMMICK_FA_D1202_015",2714,-1,0,"","","","未使用"
"FLAG_GIMMICK_FA_D1202_016",2715,-1,0,"","","","未使用"
"FLAG_GIMMICK_FA_D1202_017",2716,-1,0,"","","","未使用"
"FLAG_GIMMICK_FA_D1202_018",2717,-1,0,"","","","未使用"
"FLAG_GIMMICK_FA_D1202_019",2718,-1,0,"","","","未使用"
"FLAG_GIMMICK_FA_D1202_020",2719,-1,0,"","","","未使用"
"FLAG_GIMMICK_FA_D1203_001",2720,-1,0,"","","","未使用"
"FLAG_GIMMICK_FA_D1203_002",2721,-1,0,"","","","未使用"
"FLAG_GIMMICK_FA_D1203_003",2722,-1,0,"","","","未使用"
"FLAG_GIMMICK_FA_D1203_004",2723,-1,0,"","","","未使用"
"FLAG_GIMMICK_FA_D1203_005",2724,-1,0,"","","","未使用"
"FLAG_GIMMICK_FA_D1203_006",2725,-1,0,"","","","未使用"
"FLAG_GIMMICK_FA_D1203_007",2726,-1,0,"","","","未使用"
"FLAG_GIMMICK_FA_D1203_008",2727,-1,0,"","","","未使用"
"FLAG_GIMMICK_FA_D1203_009",2728,-1,0,"","","","未使用"
"FLAG_GIMMICK_FA_D1203_010",2729,-1,0,"","","","未使用"
"FLAG_GIMMICK_FA_D1203_011",2730,-1,0,"","","","未使用"
"FLAG_GIMMICK_FA_D1203_012",2731,-1,0,"","","","未使用"
"FLAG_GIMMICK_FA_D1203_013",2732,-1,0,"","","","未使用"
"FLAG_GIMMICK_FA_D1203_014",2733,-1,0,"","","","未使用"
"FLAG_GIMMICK_FA_D1203_015",2734,-1,0,"","","","未使用"
"FLAG_GIMMICK_FA_D1203_016",2735,-1,0,"","","","未使用"
"FLAG_GIMMICK_FA_D1203_017",2736,-1,0,"","","","未使用"
"FLAG_GIMMICK_FA_D1203_018",2737,-1,0,"","","","未使用"
"FLAG_GIMMICK_FA_D1203_019",2738,-1,0,"","","","未使用"
"FLAG_GIMMICK_FA_D1203_020",2739,-1,0,"","","","未使用"
"FLAG_GIMMICK_FA_D1204_001",2740,-1,0,"","","","未使用"
"FLAG_GIMMICK_FA_D1204_002",2741,-1,0,"","","","未使用"
"FLAG_GIMMICK_FA_D1204_003",2742,-1,0,"","","","未使用"
"FLAG_GIMMICK_FA_D1204_004",2743,-1,0,"","","","未使用"
"FLAG_GIMMICK_FA_D1204_005",2744,-1,0,"","","","未使用"
"FLAG_GIMMICK_FA_D1204_006",2745,-1,0,"","","","未使用"
"FLAG_GIMMICK_FA_D1204_007",2746,-1,0,"","","","未使用"
"FLAG_GIMMICK_FA_D1204_008",2747,-1,0,"","","","未使用"
"FLAG_GIMMICK_FA_D1204_009",2748,-1,0,"","","","未使用"
"FLAG_GIMMICK_FA_D1204_010",2749,-1,0,"","","","未使用"
"FLAG_GIMMICK_FA_D1204_011",2750,-1,0,"","","","未使用"
"FLAG_GIMMICK_FA_D1204_012",2751,-1,0,"","","","未使用"
"FLAG_GIMMICK_FA_D1204_013",2752,-1,0,"","","","未使用"
"FLAG_GIMMICK_FA_D1204_014",2753,-1,0,"","","","未使用"
"FLAG_GIMMICK_FA_D1204_015",2754,-1,0,"","","","未使用"
"FLAG_GIMMICK_FA_D1204_016",2755,-1,0,"","","","未使用"
"FLAG_GIMMICK_FA_D1204_017",2756,-1,0,"","","","未使用"
"FLAG_GIMMICK_FA_D1204_018",2757,-1,0,"","","","未使用"
"FLAG_GIMMICK_FA_D1204_019",2758,-1,0,"","","","未使用"
"FLAG_GIMMICK_FA_D1204_020",2759,-1,0,"","","","未使用"
"FLAG_GIMMICK_FA_D1205_001",2760,-1,0,"","","","未使用"
"FLAG_GIMMICK_FA_D1205_002",2761,-1,0,"","","","未使用"
"FLAG_GIMMICK_FA_D1205_003",2762,-1,0,"","","","未使用"
"FLAG_GIMMICK_FA_D1205_004",2763,-1,0,"","","","未使用"
"FLAG_GIMMICK_FA_D1205_005",2764,-1,0,"","","","未使用"
"FLAG_GIMMICK_FA_D1205_006",2765,-1,0,"","","","未使用"
"FLAG_GIMMICK_FA_D1205_007",2766,-1,0,"","","","未使用"
"FLAG_GIMMICK_FA_D1205_008",2767,-1,0,"","","","未使用"
"FLAG_GIMMICK_FA_D1205_009",2768,-1,0,"","","","未使用"
"FLAG_GIMMICK_FA_D1205_010",2769,-1,0,"","","","未使用"
"FLAG_GIMMICK_FA_D1205_011",2770,-1,0,"","","","未使用"
"FLAG_GIMMICK_FA_D1205_012",2771,-1,0,"","","","未使用"
"FLAG_GIMMICK_FA_D1205_013",2772,-1,0,"","","","未使用"
"FLAG_GIMMICK_FA_D1205_014",2773,-1,0,"","","","未使用"
"FLAG_GIMMICK_FA_D1205_015",2774,-1,0,"","","","未使用"
"FLAG_GIMMICK_FA_D1205_016",2775,-1,0,"","","","未使用"
"FLAG_GIMMICK_FA_D1205_017",2776,-1,0,"","","","未使用"
"FLAG_GIMMICK_FA_D1205_018",2777,-1,0,"","","","未使用"
"FLAG_GIMMICK_FA_D1205_019",2778,-1,0,"","","","未使用"
"FLAG_GIMMICK_FA_D1205_020",2779,-1,0,"","","","未使用"
"FLAG_GIMMICK_FA_D1301_001",2780,-1,0,"","","","未使用"
"FLAG_GIMMICK_FA_D1301_002",2781,-1,0,"","","","未使用"
"FLAG_GIMMICK_FA_D1301_003",2782,-1,0,"","","","未使用"
"FLAG_GIMMICK_FA_D1301_004",2783,-1,0,"","","","未使用"
"FLAG_GIMMICK_FA_D1301_005",2784,-1,0,"","","","未使用"
"FLAG_GIMMICK_FA_D1301_006",2785,-1,0,"","","","未使用"
"FLAG_GIMMICK_FA_D1301_007",2786,-1,0,"","","","未使用"
"FLAG_GIMMICK_FA_D1301_008",2787,-1,0,"","","","未使用"
"FLAG_GIMMICK_FA_D1301_009",2788,-1,0,"","","","未使用"
"FLAG_GIMMICK_FA_D1301_010",2789,-1,0,"","","","未使用"
"FLAG_GIMMICK_FA_D1301_011",2790,-1,0,"","","","未使用"
"FLAG_GIMMICK_FA_D1301_012",2791,-1,0,"","","","未使用"
"FLAG_GIMMICK_FA_D1301_013",2792,-1,0,"","","","未使用"
"FLAG_GIMMICK_FA_D1301_014",2793,-1,0,"","","","未使用"
"FLAG_GIMMICK_FA_D1301_015",2794,-1,0,"","","","未使用"
"FLAG_GIMMICK_FA_D1301_016",2795,-1,0,"","","","未使用"
"FLAG_GIMMICK_FA_D1301_017",2796,-1,0,"","","","未使用"
"FLAG_GIMMICK_FA_D1301_018",2797,-1,0,"","","","未使用"
"FLAG_GIMMICK_FA_D1301_019",2798,-1,0,"","","","未使用"
"FLAG_GIMMICK_FA_D1301_020",2799,-1,0,"","","","未使用"
"FLAG_GIMMICK_FA_D1302_001",2800,-1,0,"","","","未使用"
"FLAG_GIMMICK_FA_D1302_002",2801,-1,0,"","","","未使用"
"FLAG_GIMMICK_FA_D1302_003",2802,-1,0,"","","","未使用"
"FLAG_GIMMICK_FA_D1302_004",2803,-1,0,"","","","未使用"
"FLAG_GIMMICK_FA_D1302_005",2804,-1,0,"","","","未使用"
"FLAG_GIMMICK_FA_D1302_006",2805,-1,0,"","","","未使用"
"FLAG_GIMMICK_FA_D1302_007",2806,-1,0,"","","","未使用"
"FLAG_GIMMICK_FA_D1302_008",2807,-1,0,"","","","未使用"
"FLAG_GIMMICK_FA_D1302_009",2808,-1,0,"","","","未使用"
"FLAG_GIMMICK_FA_D1302_010",2809,-1,0,"","","","未使用"
"FLAG_GIMMICK_FA_D1302_011",2810,-1,0,"","","","未使用"
"FLAG_GIMMICK_FA_D1302_012",2811,-1,0,"","","","未使用"
"FLAG_GIMMICK_FA_D1302_013",2812,-1,0,"","","","未使用"
"FLAG_GIMMICK_FA_D1302_014",2813,-1,0,"","","","未使用"
"FLAG_GIMMICK_FA_D1302_015",2814,-1,0,"","","","未使用"
"FLAG_GIMMICK_FA_D1302_016",2815,-1,0,"","","","未使用"
"FLAG_GIMMICK_FA_D1302_017",2816,-1,0,"","","","未使用"
"FLAG_GIMMICK_FA_D1302_018",2817,-1,0,"","","","未使用"
"FLAG_GIMMICK_FA_D1302_019",2818,-1,0,"","","","未使用"
"FLAG_GIMMICK_FA_D1302_020",2819,-1,0,"","","","未使用"
"FLAG_GIMMICK_FA_D1303_001",2820,-1,0,"","","","未使用"
"FLAG_GIMMICK_FA_D1303_002",2821,-1,0,"","","","未使用"
"FLAG_GIMMICK_FA_D1303_003",2822,-1,0,"","","","未使用"
"FLAG_GIMMICK_FA_D1303_004",2823,-1,0,"","","","未使用"
"FLAG_GIMMICK_FA_D1303_005",2824,-1,0,"","","","未使用"
"FLAG_GIMMICK_FA_D1303_006",2825,-1,0,"","","","未使用"
"FLAG_GIMMICK_FA_D1303_007",2826,-1,0,"","","","未使用"
"FLAG_GIMMICK_FA_D1303_008",2827,-1,0,"","","","未使用"
"FLAG_GIMMICK_FA_D1303_009",2828,-1,0,"","","","未使用"
"FLAG_GIMMICK_FA_D1303_010",2829,-1,0,"","","","未使用"
"FLAG_GIMMICK_FA_D1303_011",2830,-1,0,"","","","未使用"
"FLAG_GIMMICK_FA_D1303_012",2831,-1,0,"","","","未使用"
"FLAG_GIMMICK_FA_D1303_013",2832,-1,0,"","","","未使用"
"FLAG_GIMMICK_FA_D1303_014",2833,-1,0,"","","","未使用"
"FLAG_GIMMICK_FA_D1303_015",2834,-1,0,"","","","未使用"
"FLAG_GIMMICK_FA_D1303_016",2835,-1,0,"","","","未使用"
"FLAG_GIMMICK_FA_D1303_017",2836,-1,0,"","","","未使用"
"FLAG_GIMMICK_FA_D1303_018",2837,-1,0,"","","","未使用"
"FLAG_GIMMICK_FA_D1303_019",2838,-1,0,"","","","未使用"
"FLAG_GIMMICK_FA_D1303_020",2839,-1,0,"","","","未使用"
"FLAG_GIMMICK_FA_D1304_001",2840,-1,0,"","","","d1304FA宝箱"
"FLAG_GIMMICK_FA_D1304_002",2841,-1,0,"","","","d1304FA宝箱"
"FLAG_GIMMICK_FA_D1304_003",2842,-1,0,"","","","d1304FA宝箱"
"FLAG_GIMMICK_FA_D1304_004",2843,-1,0,"","","","未使用"
"FLAG_GIMMICK_FA_D1304_005",2844,-1,0,"","","","未使用"
"FLAG_GIMMICK_FA_D1304_006",2845,-1,0,"","","","未使用"
"FLAG_GIMMICK_FA_D1304_007",2846,-1,0,"","","","未使用"
"FLAG_GIMMICK_FA_D1304_008",2847,-1,0,"","","","未使用"
"FLAG_GIMMICK_FA_D1304_009",2848,-1,0,"","","","未使用"
"FLAG_GIMMICK_FA_D1304_010",2849,-1,0,"","","","未使用"
"FLAG_GIMMICK_FA_D1304_011",2850,-1,0,"","","","未使用"
"FLAG_GIMMICK_FA_D1304_012",2851,-1,0,"","","","未使用"
"FLAG_GIMMICK_FA_D1304_013",2852,-1,0,"","","","未使用"
"FLAG_GIMMICK_FA_D1304_014",2853,-1,0,"","","","未使用"
"FLAG_GIMMICK_FA_D1304_015",2854,-1,0,"","","","未使用"
"FLAG_GIMMICK_FA_D1304_016",2855,-1,0,"","","","未使用"
"FLAG_GIMMICK_FA_D1304_017",2856,-1,0,"","","","未使用"
"FLAG_GIMMICK_FA_D1304_018",2857,-1,0,"","","","未使用"
"FLAG_GIMMICK_FA_D1304_019",2858,-1,0,"","","","未使用"
"FLAG_GIMMICK_FA_D1304_020",2859,-1,0,"","","","未使用"
"FLAG_GIMMICK_FA_D1305_001",2860,-1,0,"","","","未使用"
"FLAG_GIMMICK_FA_D1401_001",2880,-1,0,"","","","未使用"
"FLAG_GIMMICK_FA_D1401_002",2881,-1,0,"","","","未使用"
"FLAG_GIMMICK_FA_D1401_003",2882,-1,0,"","","","未使用"
"FLAG_GIMMICK_FA_D1401_004",2883,-1,0,"","","","未使用"
"FLAG_GIMMICK_FA_D1401_005",2884,-1,0,"","","","未使用"
"FLAG_GIMMICK_FA_D1401_006",2885,-1,0,"","","","未使用"
"FLAG_GIMMICK_FA_D1401_007",2886,-1,0,"","","","未使用"
"FLAG_GIMMICK_FA_D1401_008",2887,-1,0,"","","","未使用"
"FLAG_GIMMICK_FA_D1401_009",2888,-1,0,"","","","未使用"
"FLAG_GIMMICK_FA_D1401_010",2889,-1,0,"","","","未使用"
"FLAG_GIMMICK_FA_D1401_011",2890,-1,0,"","","","d1401FA宝箱"
"FLAG_GIMMICK_FA_D1401_012",2891,-1,0,"","","","d1401FA宝箱"
"FLAG_GIMMICK_FA_D1401_013",2892,-1,0,"","","","未使用"
"FLAG_GIMMICK_FA_D1401_014",2893,-1,0,"","","","未使用"
"FLAG_GIMMICK_FA_D1401_015",2894,-1,0,"","","","未使用"
"FLAG_GIMMICK_FA_D1401_016",2895,-1,0,"","","","未使用"
"FLAG_GIMMICK_FA_D1401_017",2896,-1,0,"","","","未使用"
"FLAG_GIMMICK_FA_D1401_018",2897,-1,0,"","","","未使用"
"FLAG_GIMMICK_FA_D1401_019",2898,-1,0,"","","","未使用"
"FLAG_GIMMICK_FA_D1401_020",2899,-1,0,"","","","未使用"
"FLAG_GIMMICK_FA_D1402_001",2900,-1,0,"","","","d1402バリケード"
"FLAG_GIMMICK_FA_D1402_002",2901,-1,0,"","","","d1402バリケード"
"FLAG_GIMMICK_FA_D1402_003",2902,-1,0,"","","","d1402バリケード"
"FLAG_GIMMICK_FA_D1402_004",2903,-1,0,"","","","d1402バリケード"
"FLAG_GIMMICK_FA_D1402_005",2904,-1,0,"","","","d1402バリケード"
"FLAG_GIMMICK_FA_D1402_006",2905,-1,0,"","","","未使用"
"FLAG_GIMMICK_FA_D1402_007",2906,-1,0,"","","","未使用"
"FLAG_GIMMICK_FA_D1402_008",2907,-1,0,"","","","未使用"
"FLAG_GIMMICK_FA_D1402_009",2908,-1,0,"","","","未使用"
"FLAG_GIMMICK_FA_D1402_010",2909,-1,0,"","","","未使用"
"FLAG_GIMMICK_FA_D1402_011",2910,-1,0,"","","","未使用"
"FLAG_GIMMICK_FA_D1402_012",2911,-1,0,"","","","未使用"
"FLAG_GIMMICK_FA_D1402_013",2912,-1,0,"","","","未使用"
"FLAG_GIMMICK_FA_D1402_014",2913,-1,0,"","","","未使用"
"FLAG_GIMMICK_FA_D1402_015",2914,-1,0,"","","","未使用"
"FLAG_GIMMICK_FA_D1402_016",2915,-1,0,"","","","未使用"
"FLAG_GIMMICK_FA_D1402_017",2916,-1,0,"","","","未使用"
"FLAG_GIMMICK_FA_D1402_018",2917,-1,0,"","","","未使用"
"FLAG_GIMMICK_FA_D1402_019",2918,-1,0,"","","","未使用"
"FLAG_GIMMICK_FA_D1402_020",2919,-1,0,"","","","未使用"
"FLAG_GIMMICK_FA_D1403_001",2920,-1,0,"","","","d1403崩壊後にFAになる壁"
"FLAG_GIMMICK_FA_D1403_002",2921,-1,0,"","","","d1403ピヨモン前"
"FLAG_GIMMICK_FA_D1403_003",2922,-1,0,"","","","d1403割れた壁"
"FLAG_GIMMICK_FA_D1403_004",2923,-1,0,"","","","未使用"
"FLAG_GIMMICK_FA_D1403_005",2924,-1,0,"","","","未使用"
"FLAG_GIMMICK_FA_D1403_006",2925,-1,0,"","","","未使用"
"FLAG_GIMMICK_FA_D1403_007",2926,-1,0,"","","","未使用"
"FLAG_GIMMICK_FA_D1403_008",2927,-1,0,"","","","未使用"
"FLAG_GIMMICK_FA_D1403_009",2928,-1,0,"","","","未使用"
"FLAG_GIMMICK_FA_D1403_010",2929,-1,0,"","","","未使用"
"FLAG_GIMMICK_FA_D1403_011",2930,-1,0,"","","","d1403FA宝箱"
"FLAG_GIMMICK_FA_D1403_012",2931,-1,0,"","","","未使用"
"FLAG_GIMMICK_FA_D1403_013",2932,-1,0,"","","","未使用"
"FLAG_GIMMICK_FA_D1403_014",2933,-1,0,"","","","未使用"
"FLAG_GIMMICK_FA_D1403_015",2934,-1,0,"","","","未使用"
"FLAG_GIMMICK_FA_D1403_016",2935,-1,0,"","","","未使用"
"FLAG_GIMMICK_FA_D1403_017",2936,-1,0,"","","","未使用"
"FLAG_GIMMICK_FA_D1403_018",2937,-1,0,"","","","未使用"
"FLAG_GIMMICK_FA_D1403_019",2938,-1,0,"","","","未使用"
"FLAG_GIMMICK_FA_D1403_020",2939,-1,0,"","","","未使用"
"FLAG_GIMMICK_FA_D1404_001",2940,-1,0,"","","","未使用"
"FLAG_GIMMICK_FA_D1405_001",2960,-1,0,"","","","未使用"
"FLAG_GIMMICK_FA_D1405_002",2961,-1,0,"","","","未使用"
"FLAG_GIMMICK_FA_D1405_003",2962,-1,0,"","","","未使用"
"FLAG_GIMMICK_FA_D1405_004",2963,-1,0,"","","","未使用"
"FLAG_GIMMICK_FA_D1405_005",2964,-1,0,"","","","未使用"
"FLAG_GIMMICK_FA_D1405_006",2965,-1,0,"","","","未使用"
"FLAG_GIMMICK_FA_D1405_007",2966,-1,0,"","","","未使用"
"FLAG_GIMMICK_FA_D1405_008",2967,-1,0,"","","","未使用"
"FLAG_GIMMICK_FA_D1405_009",2968,-1,0,"","","","未使用"
"FLAG_GIMMICK_FA_D1405_010",2969,-1,0,"","","","未使用"
"FLAG_GIMMICK_FA_D1405_011",2970,-1,0,"","","","d1405FA宝箱"
"FLAG_GIMMICK_FA_D1405_012",2971,-1,0,"","","","未使用"
"FLAG_GIMMICK_FA_D1405_013",2972,-1,0,"","","","未使用"
"FLAG_GIMMICK_FA_D1405_014",2973,-1,0,"","","","未使用"
"FLAG_GIMMICK_FA_D1405_015",2974,-1,0,"","","","未使用"
"FLAG_GIMMICK_FA_D1405_016",2975,-1,0,"","","","未使用"
"FLAG_GIMMICK_FA_D1405_017",2976,-1,0,"","","","未使用"
"FLAG_GIMMICK_FA_D1405_018",2977,-1,0,"","","","未使用"
"FLAG_GIMMICK_FA_D1405_019",2978,-1,0,"","","","未使用"
"FLAG_GIMMICK_FA_D1405_020",2979,-1,0,"","","","未使用"
"FLAG_GIMMICK_FA_D1406_001",2980,-1,0,"","","","未使用"
"FLAG_GIMMICK_FA_D1406_002",2981,-1,0,"","","","未使用"
"FLAG_GIMMICK_FA_D1406_003",2982,-1,0,"","","","未使用"
"FLAG_GIMMICK_FA_D1406_004",2983,-1,0,"","","","未使用"
"FLAG_GIMMICK_FA_D1406_005",2984,-1,0,"","","","未使用"
"FLAG_GIMMICK_FA_D1406_006",2985,-1,0,"","","","未使用"
"FLAG_GIMMICK_FA_D1406_007",2986,-1,0,"","","","未使用"
"FLAG_GIMMICK_FA_D1406_008",2987,-1,0,"","","","未使用"
"FLAG_GIMMICK_FA_D1406_009",2988,-1,0,"","","","未使用"
"FLAG_GIMMICK_FA_D1406_010",2989,-1,0,"","","","未使用"
"FLAG_GIMMICK_FA_D1406_011",2990,-1,0,"","","","d1406FA宝箱"
"FLAG_GIMMICK_FA_D1406_012",2991,-1,0,"","","","未使用"
"FLAG_GIMMICK_FA_D1406_013",2992,-1,0,"","","","未使用"
"FLAG_GIMMICK_FA_D1406_014",2993,-1,0,"","","","未使用"
"FLAG_GIMMICK_FA_D1406_015",2994,-1,0,"","","","未使用"
"FLAG_GIMMICK_FA_D1406_016",2995,-1,0,"","","","未使用"
"FLAG_GIMMICK_FA_D1406_017",2996,-1,0,"","","","未使用"
"FLAG_GIMMICK_FA_D1406_018",2997,-1,0,"","","","未使用"
"FLAG_GIMMICK_FA_D1406_019",2998,-1,0,"","","","未使用"
"FLAG_GIMMICK_FA_D1406_020",2999,-1,0,"","","","未使用"
"FLAG_GIMMICK_FA_D1407_001",3000,-1,0,"","","","未使用"
"FLAG_GIMMICK_FA_D1408_001",3020,-1,0,"","","","未使用"
"FLAG_GIMMICK_FA_D1409_001",3040,-1,0,"","","","未使用"
"FLAG_GIMMICK_FA_H0101_001",3060,-1,0,"","","","未使用"
"FLAG_GIMMICK_FA_H0102_001",3080,-1,0,"","","","未使用"
"FLAG_GIMMICK_FA_H0103_001",3100,-1,0,"","","","未使用"
"FLAG_GIMMICK_FA_H0104_001",3120,-1,0,"","","","未使用"
"FLAG_GIMMICK_FA_H0105_001",3140,-1,0,"","","","未使用"
"FLAG_GIMMICK_FA_H0201_001",3160,-1,0,"","","","h0201バリケード"
"FLAG_GIMMICK_FA_H0201_002",3161,-1,0,"","","","未使用"
"FLAG_GIMMICK_FA_H0201_003",3162,-1,0,"","","","未使用"
"FLAG_GIMMICK_FA_H0201_004",3163,-1,0,"","","","未使用"
"FLAG_GIMMICK_FA_H0201_005",3164,-1,0,"","","","未使用"
"FLAG_GIMMICK_FA_H0201_006",3165,-1,0,"","","","未使用"
"FLAG_GIMMICK_FA_H0201_007",3166,-1,0,"","","","未使用"
"FLAG_GIMMICK_FA_H0201_008",3167,-1,0,"","","","未使用"
"FLAG_GIMMICK_FA_H0201_009",3168,-1,0,"","","","未使用"
"FLAG_GIMMICK_FA_H0201_010",3169,-1,0,"","","","未使用"
"FLAG_GIMMICK_FA_H0201_011",3170,-1,0,"","","","未使用"
"FLAG_GIMMICK_FA_H0201_012",3171,-1,0,"","","","未使用"
"FLAG_GIMMICK_FA_H0201_013",3172,-1,0,"","","","未使用"
"FLAG_GIMMICK_FA_H0201_014",3173,-1,0,"","","","未使用"
"FLAG_GIMMICK_FA_H0201_015",3174,-1,0,"","","","未使用"
"FLAG_GIMMICK_FA_H0201_016",3175,-1,0,"","","","未使用"
"FLAG_GIMMICK_FA_H0201_017",3176,-1,0,"","","","未使用"
"FLAG_GIMMICK_FA_H0201_018",3177,-1,0,"","","","未使用"
"FLAG_GIMMICK_FA_H0201_019",3178,-1,0,"","","","未使用"
"FLAG_GIMMICK_FA_H0201_020",3179,-1,0,"","","","未使用"
"FLAG_GIMMICK_FA_H0203_001",3200,-1,0,"","","","未使用"
"FLAG_GIMMICK_FA_H0204_001",3220,-1,0,"","","","未使用"
"FLAG_GIMMICK_FA_H0205_001",3240,-1,0,"","","","未使用"
"FLAG_GIMMICK_FA_H0301_001",3260,-1,0,"","","","未使用"
"FLAG_GIMMICK_FA_H0302_001",3280,-1,0,"","","","未使用"
"FLAG_GIMMICK_FA_H0303_001",3300,-1,0,"","","","未使用"
"FLAG_GIMMICK_FA_H0304_001",3320,-1,0,"","","","未使用"
"FLAG_GIMMICK_FA_H0305_001",3340,-1,0,"","","","未使用"
"FLAG_GIMMICK_FA_H0401_001",3360,-1,0,"","","","未使用"
"FLAG_GIMMICK_FA_H0402_001",3380,-1,0,"","","","未使用"
"FLAG_GIMMICK_FA_H0403_001",3400,-1,0,"","","","未使用"
"FLAG_GIMMICK_FA_H0404_001",3420,-1,0,"","","","未使用"
"FLAG_GIMMICK_FA_H0405_001",3440,-1,0,"","","","未使用"
"FLAG_GIMMICK_FA_H0501_001",3460,-1,0,"","","","未使用"
"FLAG_GIMMICK_FA_H0502_001",3480,-1,0,"","","","未使用"
"FLAG_GIMMICK_FA_H0503_001",3500,-1,0,"","","","未使用"
"FLAG_GIMMICK_FA_H0504_001",3520,-1,0,"","","","未使用"
"FLAG_GIMMICK_FA_H0505_001",3540,-1,0,"","","","未使用"
"FLAG_GIMMICK_FA_H0601_001",3560,-1,0,"","","","未使用"
"FLAG_GIMMICK_FA_H0602_001",3580,-1,0,"","","","未使用"
"FLAG_GIMMICK_FA_H0603_001",3600,-1,0,"","","","未使用"
"FLAG_GIMMICK_FA_H0604_001",3620,-1,0,"","","","未使用"
"FLAG_GIMMICK_FA_H0605_001",3640,-1,0,"","","","未使用"
"FLAG_GIMMICK_FA_H0701_001",3660,-1,0,"","","","未使用"
"FLAG_GIMMICK_FA_H0702_001",3680,-1,0,"","","","未使用"
"FLAG_GIMMICK_FA_H0703_001",3700,-1,0,"","","","未使用"
"FLAG_GIMMICK_FA_H0704_001",3720,-1,0,"","","","未使用"
"FLAG_GIMMICK_FA_H0705_001",3740,-1,0,"","","","未使用"
"FLAG_GIMMICK_FA_H0801_001",3760,-1,0,"","","","未使用"
"FLAG_GIMMICK_FA_H0802_001",3780,-1,0,"","","","未使用"
"FLAG_GIMMICK_FA_H0803_001",3800,-1,0,"","","","未使用"
"FLAG_GIMMICK_FA_H0804_001",3820,-1,0,"","","","未使用"
"FLAG_GIMMICK_FA_H0805_001",3840,-1,0,"","","","未使用"
"FLAG_GIMMICK_FA_D0502_021",3860,-1,0,"","","","d0502FAバリケード"
"FLAG_GIMMICK_FA_D0502_022",3861,-1,0,"","","","d0502FAバリケード"
"FLAG_GIMMICK_FA_D0502_023",3862,-1,0,"","","","d0502FAバリケード"
"FLAG_GIMMICK_FA_D0502_024",3863,-1,0,"","","","d0502FAバリケード"
"FLAG_GIMMICK_FA_D0502_025",3864,-1,0,"","","","d0502FAバリケード"
"FLAG_GIMMICK_FA_D0502_026",3865,-1,0,"","","","d0502FAバリケード"
"FLAG_GIMMICK_FA_D0502_027",3866,-1,0,"","","","未使用"
"FLAG_GIMMICK_FA_D0502_028",3867,-1,0,"","","","未使用"
"FLAG_GIMMICK_FA_D0502_029",3868,-1,0,"","","","未使用"
"FLAG_GIMMICK_FA_D0502_030",3869,-1,0,"","","","未使用"
"FLAG_GIMMICK_FA_D0609_001",3870,-1,0,"","","","d0609グランクワガーモン"
"FLAG_GIMMICK_FA_D0609_002",3871,-1,0,"","","","FAタラップ"
"FLAG_GIMMICK_FA_D0609_003",3872,-1,0,"","","","FAタラップ"
"FLAG_GIMMICK_FA_D0609_004",3873,-1,0,"","","","FAタラップ"
"FLAG_GIMMICK_FA_D0609_005",3874,-1,0,"","","","FAタラップ"
"FLAG_GIMMICK_FA_D0609_006",3875,-1,0,"","","","FAタラップ"
"FLAG_GIMMICK_FA_D0609_007",3876,-1,0,"","","","FAタラップ"
"FLAG_GIMMICK_FA_D0609_008",3877,-1,0,"","","","FAタラップ"
"FLAG_GIMMICK_FA_D0609_009",3878,-1,0,"","","","FAタラップ"
"FLAG_GIMMICK_FA_D0609_010",3879,-1,0,"","","","FAタラップ"
"FLAG_GIMMICK_FA_D0609_011",3880,-1,0,"","","","FAタラップ"
"FLAG_GIMMICK_FA_D0609_012",3881,-1,0,"","","","FAタラップ"
"FLAG_GIMMICK_FA_D0609_013",3882,-1,0,"","","","FAタラップ"
"FLAG_GIMMICK_FA_D0609_014",3883,-1,0,"","","","FAタラップ"
"FLAG_GIMMICK_FA_D0609_015",3884,-1,0,"","","","FAタラップ"
"FLAG_GIMMICK_FA_D0609_016",3885,-1,0,"","","","FA宝箱"
"FLAG_GIMMICK_FA_D0609_017",3886,-1,0,"","","","FA宝箱"
"FLAG_GIMMICK_FA_D0609_018",3887,-1,0,"","","","FA宝箱"
"FLAG_GIMMICK_FA_D0609_019",3888,-1,0,"","","","FA宝箱"
"FLAG_GIMMICK_FA_D0609_020",3889,-1,0,"","","","未使用"
"FLAG_GIMMICK_FA_D0609_021",3890,-1,0,"","","","未使用"
"FLAG_GIMMICK_FA_D0609_022",3891,-1,0,"","","","未使用"
"FLAG_GIMMICK_FA_D0609_023",3892,-1,0,"","","","未使用"
"FLAG_GIMMICK_FA_D0609_024",3893,-1,0,"","","","未使用"
"FLAG_GIMMICK_FA_D0609_025",3894,-1,0,"","","","未使用"
"FLAG_GIMMICK_FA_D0609_026",3895,-1,0,"","","","未使用"
"FLAG_GIMMICK_FA_D0609_027",3896,-1,0,"","","","未使用"
"FLAG_GIMMICK_FA_D0609_028",3897,-1,0,"","","","未使用"
"FLAG_GIMMICK_FA_D0609_029",3898,-1,0,"","","","未使用"
"FLAG_GIMMICK_FA_D0609_030",3899,-1,0,"","","","未使用"
"FLAG_GIMMICK_FA_D0403_021",3900,180,33,"","","","d0403 ツタライド妨害"
"FLAG_GIMMICK_FA_D0403_022",3901,180,33,"","","","d0403 ツタライド妨害"
"FLAG_GIMMICK_FA_D0403_023",3902,-1,0,"","","","未使用"
"FLAG_GIMMICK_FA_D0403_024",3903,-1,0,"","","","未使用"
"FLAG_GIMMICK_FA_D0403_025",3904,-1,0,"","","","未使用"
"FLAG_GIMMICK_FA_D0403_026",3905,-1,0,"","","","未使用"
"FLAG_GIMMICK_FA_D0403_027",3906,-1,0,"","","","未使用"
"FLAG_GIMMICK_FA_D0403_028",3907,-1,0,"","","","未使用"
"FLAG_GIMMICK_FA_D0403_029",3908,-1,0,"","","","未使用"
"FLAG_GIMMICK_FA_D0403_030",3909,-1,0,"","","","未使用"
"FLAG_GIMMICK_FA_H0210_001",4000,-1,0,"","","","h210破壊オブジェクト"
"FLAG_GIMMICK_FA_H0210_002",4001,-1,0,"","","","h210破壊オブジェクト"
"FLAG_GIMMICK_FA_H0210_003",4002,-1,0,"","","","h210破壊オブジェクト"
"FLAG_GIMMICK_FA_H0210_004",4003,-1,0,"","","","h210破壊オブジェクト"
"FLAG_GIMMICK_FA_H0210_005",4004,-1,0,"","","","h210破壊オブジェクト"
"FLAG_GIMMICK_FA_H0210_006",4005,-1,0,"","","","h210破壊オブジェクト"
"FLAG_GIMMICK_FA_H0210_007",4006,-1,0,"","","","h210破壊オブジェクト"
"FLAG_GIMMICK_FA_H0210_008",4007,-1,0,"","","","h210破壊オブジェクト"
"FLAG_GIMMICK_FA_H0210_009",4008,-1,0,"","","","h210破壊オブジェクト"
"FLAG_GIMMICK_FA_H0210_010",4009,-1,0,"","","","h210破壊オブジェクト"
"FLAG_GIMMICK_FA_H0210_011",4010,-1,0,"","","","h210破壊オブジェクト"
"FLAG_GIMMICK_FA_H0210_012",4011,-1,0,"","","","h210破壊オブジェクト"
"FLAG_GIMMICK_FA_H0210_013",4012,-1,0,"","","","h210破壊オブジェクト"
"FLAG_GIMMICK_FA_H0210_014",4013,-1,0,"","","","h210破壊オブジェクト"
"FLAG_GIMMICK_FA_H0210_015",4014,-1,0,"","","","h210破壊オブジェクト"
"FLAG_GIMMICK_FA_H0210_016",4015,-1,0,"","","","h210破壊オブジェクト"
"FLAG_GIMMICK_FA_H0210_017",4016,-1,0,"","","","h210破壊オブジェクト"
"FLAG_GIMMICK_FA_H0210_018",4017,-1,0,"","","","h210破壊オブジェクト"
"FLAG_GIMMICK_FA_H0210_019",4018,-1,0,"","","","h210破壊オブジェクト"
"FLAG_GIMMICK_FA_H0210_020",4019,-1,0,"","","","h210破壊オブジェクト"
"FLAG_GIMMICK_FA_H0211_001",4020,-1,0,"","","","h210破壊オブジェクト"
"FLAG_GIMMICK_FA_H0212_001",4040,-1,0,"","","","h310破壊オブジェクト"
"FLAG_GIMMICK_FA_H0213_001",4060,-1,0,"","","","h310破壊オブジェクト"
"FLAG_GIMMICK_FA_H0214_001",4080,-1,0,"","","","h310破壊オブジェクト"
"FLAG_GIMMICK_FA_H0215_001",4100,-1,0,"","","","h310破壊オブジェクト"
"FLAG_GIMMICK_FA_H0216_001",4120,-1,0,"","","","h310破壊オブジェクト"
"FLAG_GIMMICK_FA_H0217_001",4140,-1,0,"","","","h310破壊オブジェクト"
"FLAG_GIMMICK_FA_H0218_001",4160,-1,0,"","","","h310破壊オブジェクト"
"FLAG_GIMMICK_FA_H0219_001",4180,-1,0,"","","","h310破壊オブジェクト"
"FLAG_GIMMICK_FA_H0310_001",4200,-1,0,"","","","h310破壊オブジェクト"
"FLAG_GIMMICK_FA_H0310_002",4201,-1,0,"","","","h310破壊オブジェクト"
"FLAG_GIMMICK_FA_H0310_003",4202,-1,0,"","","","h310破壊オブジェクト"
"FLAG_GIMMICK_FA_H0310_004",4203,-1,0,"","","","h310破壊オブジェクト"
"FLAG_GIMMICK_FA_H0310_005",4204,-1,0,"","","","h310破壊オブジェクト"
"FLAG_GIMMICK_FA_H0310_006",4205,-1,0,"","","","h310破壊オブジェクト"
"FLAG_GIMMICK_FA_H0310_007",4206,-1,0,"","","","h310破壊オブジェクト"
"FLAG_GIMMICK_FA_H0310_008",4207,-1,0,"","","","h310破壊オブジェクト"
"FLAG_GIMMICK_FA_H0310_009",4208,-1,0,"","","","h310破壊オブジェクト"
"FLAG_GIMMICK_FA_H0310_010",4209,-1,0,"","","","h310破壊オブジェクト"
"FLAG_GIMMICK_FA_H0310_011",4210,-1,0,"","","","h310破壊オブジェクト"
"FLAG_GIMMICK_FA_H0310_012",4211,-1,0,"","","","h310破壊オブジェクト"
"FLAG_GIMMICK_FA_H0310_013",4212,-1,0,"","","","h310破壊オブジェクト"
"FLAG_GIMMICK_FA_H0310_014",4213,-1,0,"","","","h310破壊オブジェクト"
"FLAG_GIMMICK_FA_H0310_015",4214,-1,0,"","","","h310破壊オブジェクト"
"FLAG_GIMMICK_FA_H0310_016",4215,-1,0,"","","","h310破壊オブジェクト"
"FLAG_GIMMICK_FA_H0310_017",4216,-1,0,"","","","h310破壊オブジェクト"
"FLAG_GIMMICK_FA_H0310_018",4217,-1,0,"","","","h310破壊オブジェクト"
"FLAG_GIMMICK_FA_H0310_019",4218,-1,0,"","","","h310破壊オブジェクト"
"FLAG_GIMMICK_FA_H0310_020",4219,-1,0,"","","","h310破壊オブジェクト"
"FLAG_GIMMICK_FA_H0310_021",4220,-1,0,"","","","h310破壊オブジェクト"
"FLAG_GIMMICK_FA_H0310_022",4221,-1,0,"","","","h310破壊オブジェクト"
"FLAG_GIMMICK_FA_H0310_023",4222,-1,0,"","","","h310破壊オブジェクト"
"FLAG_GIMMICK_FA_H0310_024",4223,-1,0,"","","","h310破壊オブジェクト"
"FLAG_GIMMICK_FA_H0310_025",4224,-1,0,"","","","h310破壊オブジェクト"
"FLAG_GIMMICK_FA_H0310_026",4225,-1,0,"","","","h310破壊オブジェクト"
"FLAG_GIMMICK_FA_H0310_027",4226,-1,0,"","","","h310破壊オブジェクト"
"FLAG_GIMMICK_FA_H0310_028",4227,-1,0,"","","","h310破壊オブジェクト"
"FLAG_GIMMICK_FA_H0311_001",4250,-1,0,"","","","h311破壊オブジェクト"
"FLAG_GIMMICK_FA_H0311_002",4251,-1,0,"","","","h311破壊オブジェクト"
"FLAG_GIMMICK_FA_H0311_003",4252,-1,0,"","","","h311破壊オブジェクト"
"FLAG_GIMMICK_FA_H0311_004",4253,-1,0,"","","","h311破壊オブジェクト"
"FLAG_GIMMICK_FA_H0311_005",4254,-1,0,"","","","h311破壊オブジェクト"
"FLAG_GIMMICK_FA_H0311_006",4255,-1,0,"","","","h311破壊オブジェクト"
"FLAG_GIMMICK_FA_H0311_007",4256,-1,0,"","","","h311破壊オブジェクト"
"FLAG_GIMMICK_FA_H0311_008",4257,-1,0,"","","","h311破壊オブジェクト"
"FLAG_GIMMICK_FA_H0311_009",4258,-1,0,"","","","h311破壊オブジェクト"
"FLAG_GIMMICK_FA_H0311_010",4259,-1,0,"","","","h311破壊オブジェクト"
"FLAG_GIMMICK_FA_H0311_011",4260,-1,0,"","","","h311破壊オブジェクト"
"FLAG_GIMMICK_FA_H0311_012",4261,-1,0,"","","","h311破壊オブジェクト"
"FLAG_GIMMICK_FA_H0311_013",4262,-1,0,"","","","h311破壊オブジェクト"
"FLAG_GIMMICK_FA_H0311_014",4263,-1,0,"","","","h311破壊オブジェクト"
"FLAG_GIMMICK_FA_H0311_015",4264,-1,0,"","","","h311破壊オブジェクト"
"FLAG_GIMMICK_FA_H0311_016",4265,-1,0,"","","","h311破壊オブジェクト"
"FLAG_GIMMICK_FA_H0311_017",4266,-1,0,"","","","h311破壊オブジェクト"
"FLAG_GIMMICK_FA_H0311_018",4267,-1,0,"","","","h311破壊オブジェクト"
"FLAG_GIMMICK_FA_H0311_019",4268,-1,0,"","","","h311破壊オブジェクト"
"FLAG_GIMMICK_FA_H0311_020",4269,-1,0,"","","","h311破壊オブジェクト"
"FLAG_GIMMICK_FA_H0311_021",4270,-1,0,"","","","h311破壊オブジェクト"
"FLAG_GIMMICK_FA_H0311_022",4271,-1,0,"","","","h311破壊オブジェクト"
"FLAG_GIMMICK_FA_H0311_023",4272,-1,0,"","","","h311破壊オブジェクト"
"FLAG_GIMMICK_FA_H0311_024",4273,-1,0,"","","","h311破壊オブジェクト"
"FLAG_GIMMICK_FA_H0311_025",4274,-1,0,"","","","h311破壊オブジェクト"
"FLAG_GIMMICK_FA_H0311_026",4275,-1,0,"","","","h311破壊オブジェクト"
"FLAG_GIMMICK_FA_H0311_027",4276,-1,0,"","","","h311破壊オブジェクト"
"FLAG_GIMMICK_FA_H0311_028",4277,-1,0,"","","","h311破壊オブジェクト"
"FLAG_GIMMICK_FA_H0311_029",4278,-1,0,"","","","h311破壊オブジェクト"
"FLAG_GIMMICK_FA_H0311_030",4279,-1,0,"","","","h311破壊オブジェクト"
"FLAG_GIMMICK_FA_H0311_031",4280,-1,0,"","","","h311破壊オブジェクト"
"FLAG_GIMMICK_FA_H0311_032",4281,-1,0,"","","","h311破壊オブジェクト"
"FLAG_GIMMICK_FA_H0311_033",4282,-1,0,"","","","h311破壊オブジェクト"
"FLAG_GIMMICK_FA_H0311_034",4283,-1,0,"","","","h311破壊オブジェクト"
"FLAG_GIMMICK_FA_H0311_035",4284,-1,0,"","","","h311破壊オブジェクト"
"FLAG_GIMMICK_FA_H0311_036",4285,-1,0,"","","","h311破壊オブジェクト"
"FLAG_GIMMICK_FA_H0311_037",4286,-1,0,"","","","h311破壊オブジェクト"
"FLAG_GIMMICK_FA_H0311_038",4287,-1,0,"","","","h311破壊オブジェクト"
"FLAG_GIMMICK_FA_H0311_039",4288,-1,0,"","","","h311破壊オブジェクト"
"FLAG_GIMMICK_FA_H0311_040",4289,-1,0,"","","","h311破壊オブジェクト"
"FLAG_GIMMICK_FA_H0311_041",4290,-1,0,"","","","h311破壊オブジェクト"
"FLAG_GIMMICK_FA_H0311_042",4291,-1,0,"","","","h311破壊オブジェクト"
"FLAG_GIMMICK_FA_H0311_043",4292,-1,0,"","","","h311破壊オブジェクト"
"FLAG_GIMMICK_FA_H0311_044",4293,-1,0,"","","","h311破壊オブジェクト"
"FLAG_GIMMICK_FA_H0311_045",4294,-1,0,"","","","h311破壊オブジェクト"
"FLAG_GIMMICK_FA_H0311_046",4295,-1,0,"","","","h311破壊オブジェクト"
"FLAG_GIMMICK_FA_H0311_047",4296,-1,0,"","","","h311破壊オブジェクト"
"FLAG_GIMMICK_FA_H0311_048",4297,-1,0,"","","","h311破壊オブジェクト"
"FLAG_GIMMICK_FA_H0312_001",4300,-1,0,"","","","h312破壊オブジェクト"
"FLAG_GIMMICK_FA_H0312_002",4301,-1,0,"","","","h312破壊オブジェクト"
"FLAG_GIMMICK_FA_H0312_003",4302,-1,0,"","","","h312破壊オブジェクト"
"FLAG_GIMMICK_FA_H0312_004",4303,-1,0,"","","","h312破壊オブジェクト"
"FLAG_GIMMICK_FA_H0312_005",4304,-1,0,"","","","h312破壊オブジェクト"
"FLAG_GIMMICK_FA_H0312_006",4305,-1,0,"","","","h312破壊オブジェクト"
"FLAG_GIMMICK_FA_H0312_007",4306,-1,0,"","","","h312破壊オブジェクト"
"FLAG_GIMMICK_FA_H0312_008",4307,-1,0,"","","","h312破壊オブジェクト"
"FLAG_GIMMICK_FA_H0312_009",4308,-1,0,"","","","h312破壊オブジェクト"
"FLAG_GIMMICK_FA_H0312_010",4309,-1,0,"","","","h312破壊オブジェクト"
"FLAG_GIMMICK_FA_H0312_011",4310,-1,0,"","","","h312破壊オブジェクト"
"FLAG_GIMMICK_FA_H0312_012",4311,-1,0,"","","","h312破壊オブジェクト"
"FLAG_GIMMICK_FA_H0312_013",4312,-1,0,"","","","h312破壊オブジェクト"
"FLAG_GIMMICK_FA_H0312_014",4313,-1,0,"","","","h312破壊オブジェクト"
"FLAG_GIMMICK_FA_H0312_015",4314,-1,0,"","","","h312破壊オブジェクト"
"FLAG_GIMMICK_FA_H0312_016",4315,-1,0,"","","","h312破壊オブジェクト"
"FLAG_GIMMICK_FA_H0312_017",4316,-1,0,"","","","h312破壊オブジェクト"
"FLAG_GIMMICK_FA_H0312_018",4317,-1,0,"","","","h312破壊オブジェクト"
"FLAG_GIMMICK_FA_H0312_019",4318,-1,0,"","","","h312破壊オブジェクト"
"FLAG_GIMMICK_FA_H0312_020",4319,-1,0,"","","","h312破壊オブジェクト"
"FLAG_GIMMICK_FA_H0312_021",4320,-1,0,"","","","h312破壊オブジェクト"
"FLAG_GIMMICK_FA_H0312_022",4321,-1,0,"","","","h312破壊オブジェクト"
"FLAG_GIMMICK_FA_H0312_023",4322,-1,0,"","","","h312破壊オブジェクト"
"FLAG_GIMMICK_FA_H0312_024",4323,-1,0,"","","","h312破壊オブジェクト"
"FLAG_GIMMICK_FA_H0312_025",4324,-1,0,"","","","h312破壊オブジェクト"
"FLAG_GIMMICK_FA_H0312_026",4325,-1,0,"","","","h312破壊オブジェクト"
"FLAG_GIMMICK_FA_H0312_027",4326,-1,0,"","","","h312破壊オブジェクト"
"FLAG_GIMMICK_FA_H0312_028",4327,-1,0,"","","","h312破壊オブジェクト"
"FLAG_GIMMICK_FA_H0312_029",4328,-1,0,"","","","h312破壊オブジェクト"
"FLAG_GIMMICK_FA_H0312_030",4329,-1,0,"","","","h312破壊オブジェクト"
"FLAG_GIMMICK_FA_H0312_031",4330,-1,0,"","","","h312破壊オブジェクト"
"FLAG_GIMMICK_FA_H0313_001",4340,-1,0,"","","","h313破壊オブジェクト"
"FLAG_GIMMICK_FA_H0313_002",4341,-1,0,"","","","h313破壊オブジェクト"
"FLAG_GIMMICK_FA_H0313_003",4342,-1,0,"","","","h313破壊オブジェクト"
"FLAG_GIMMICK_FA_H0313_004",4343,-1,0,"","","","h313破壊オブジェクト"
"FLAG_GIMMICK_FA_H0313_005",4344,-1,0,"","","","h313破壊オブジェクト"
"FLAG_GIMMICK_FA_H0313_006",4345,-1,0,"","","","h313破壊オブジェクト"
"FLAG_GIMMICK_FA_H0313_007",4346,-1,0,"","","","h313破壊オブジェクト"
"FLAG_GIMMICK_FA_H0313_008",4347,-1,0,"","","","h313破壊オブジェクト"
"FLAG_GIMMICK_FA_H0313_009",4348,-1,0,"","","","h313破壊オブジェクト"
"FLAG_GIMMICK_FA_H0313_010",4349,-1,0,"","","","h313破壊オブジェクト"
"FLAG_GIMMICK_FA_H0313_011",4350,-1,0,"","","","h313破壊オブジェクト"
"FLAG_GIMMICK_FA_H0313_012",4351,-1,0,"","","","h313破壊オブジェクト"
"FLAG_GIMMICK_FA_H0313_013",4352,-1,0,"","","","h313破壊オブジェクト"
"FLAG_GIMMICK_FA_H0313_014",4353,-1,0,"","","","h313破壊オブジェクト"
"FLAG_GIMMICK_FA_H0313_015",4354,-1,0,"","","","h313破壊オブジェクト"
"FLAG_GIMMICK_FA_H0313_016",4355,-1,0,"","","","h313破壊オブジェクト"
"FLAG_GIMMICK_FA_H0313_017",4356,-1,0,"","","","h313破壊オブジェクト"
"FLAG_GIMMICK_FA_H0313_018",4357,-1,0,"","","","h313破壊オブジェクト"
"FLAG_GIMMICK_FA_H0313_019",4358,-1,0,"","","","h313破壊オブジェクト"
"FLAG_GIMMICK_FA_H0313_020",4359,-1,0,"","","","h313破壊オブジェクト"
"FLAG_GIMMICK_FA_H0313_021",4360,-1,0,"","","","h313破壊オブジェクト"
"FLAG_GIMMICK_FA_H0313_022",4361,-1,0,"","","","h313破壊オブジェクト"
"FLAG_GIMMICK_FA_H0313_023",4362,-1,0,"","","","h313破壊オブジェクト"
"FLAG_GIMMICK_FA_H0313_024",4363,-1,0,"","","","h313破壊オブジェクト"
"FLAG_GIMMICK_FA_H0313_025",4364,-1,0,"","","","h313破壊オブジェクト"
"FLAG_GIMMICK_FA_H0313_026",4365,-1,0,"","","","h313破壊オブジェクト"
"FLAG_GIMMICK_FA_H0313_027",4366,-1,0,"","","","h313破壊オブジェクト"
"FLAG_GIMMICK_FA_H0313_028",4367,-1,0,"","","","h313破壊オブジェクト"
"FLAG_GIMMICK_FA_H0313_029",4368,-1,0,"","","","h313破壊オブジェクト"
"FLAG_GIMMICK_FA_H0313_030",4369,-1,0,"","","","h313破壊オブジェクト"
"FLAG_GIMMICK_FA_H0313_031",4370,-1,0,"","","","h313破壊オブジェクト"
"FLAG_GIMMICK_FA_H0313_032",4371,-1,0,"","","","h313破壊オブジェクト"
"FLAG_GIMMICK_FA_H0313_033",4372,-1,0,"","","","h313破壊オブジェクト"
"FLAG_GIMMICK_FA_H0313_034",4373,-1,0,"","","","h313破壊オブジェクト"
"FLAG_GIMMICK_FA_H0313_035",4374,-1,0,"","","","h313破壊オブジェクト"
"FLAG_GIMMICK_FA_H0313_036",4375,-1,0,"","","","h313破壊オブジェクト"
"FLAG_GIMMICK_FA_H0313_037",4376,-1,0,"","","","h313破壊オブジェクト"
"FLAG_GIMMICK_FA_H0313_038",4377,-1,0,"","","","h313破壊オブジェクト"
"FLAG_GIMMICK_FA_H0313_039",4378,-1,0,"","","","h313破壊オブジェクト"
"FLAG_GIMMICK_FA_H0410_001",4400,-1,0,"","","","未使用"
"FLAG_GIMMICK_FA_H0411_001",4420,-1,0,"","","","未使用"
"FLAG_GIMMICK_FA_H0412_001",4440,-1,0,"","","","未使用"
"FLAG_GIMMICK_FA_H0413_001",4460,-1,0,"","","","未使用"
"FLAG_GIMMICK_FA_H0414_001",4480,-1,0,"","","","未使用"
"FLAG_GIMMICK_FA_H0415_001",4500,-1,0,"","","","未使用"
"FLAG_GIMMICK_FA_H0416_001",4520,-1,0,"","","","未使用"
"FLAG_GIMMICK_FA_H0417_001",4540,-1,0,"","","","未使用"
"FLAG_GIMMICK_FA_H0418_001",4560,-1,0,"","","","未使用"
"FLAG_GIMMICK_FA_H0419_001",4580,-1,0,"","","","未使用"
"FLAG_GIMMICK_FA_H0510_001",4600,-1,0,"","","","未使用"
"FLAG_GIMMICK_FA_H0511_001",4620,-1,0,"","","","未使用"
"FLAG_GIMMICK_FA_H0512_001",4640,-1,0,"","","","未使用"
"FLAG_GIMMICK_FA_H0513_001",4660,-1,0,"","","","未使用"
"FLAG_GIMMICK_FA_H0514_001",4680,-1,0,"","","","未使用"
"FLAG_GIMMICK_FA_H0515_001",4700,-1,0,"","","","未使用"
"FLAG_GIMMICK_FA_H0516_001",4720,-1,0,"","","","未使用"
"FLAG_GIMMICK_FA_H0517_001",4740,-1,0,"","","","未使用"
"FLAG_GIMMICK_FA_H0518_001",4760,-1,0,"","","","未使用"
"FLAG_GIMMICK_FA_H0519_001",4780,-1,0,"","","","未使用"
"FLAG_GIMMICK_FA_H0810_001",4800,-1,0,"","","","未使用"
"FLAG_GIMMICK_FA_H0811_001",4820,-1,0,"","","","未使用"
"FLAG_GIMMICK_FA_H0812_001",4840,-1,0,"","","","未使用"
"FLAG_GIMMICK_FA_H0813_001",4860,-1,0,"","","","未使用"
"FLAG_GIMMICK_FA_H0814_001",4880,-1,0,"","","","未使用"
"FLAG_GIMMICK_FA_H0815_001",4900,-1,0,"","","","未使用"
"FLAG_GIMMICK_FA_H0816_001",4920,-1,0,"","","","未使用"
"FLAG_GIMMICK_FA_H0817_001",4940,-1,0,"","","","未使用"
"FLAG_GIMMICK_FA_H0818_001",4960,-1,0,"","","","未使用"
"FLAG_GIMMICK_FA_H0819_001",4980,-1,0,"","","","未使用"
"FLAG_GIMMICK_FA_SUB024_001",5000,-1,0,"","","","sub024　FAオブジェクト用"
"FLAG_GIMMICK_FA_SUB024_002",5001,-1,0,"","","","sub024　FAオブジェクト用"
"FLAG_GIMMICK_FA_SUB024_003",5002,-1,0,"","","","sub024　FAオブジェクト用"
"FLAG_GIMMICK_FA_D0903_001",5020,-1,0,"","","","D0903 火の木の実"
"FLAG_GIMMICK_FA_D0903_002",5021,-1,0,"","","","D0903 氷の木の実"
"FLAG_GIMMICK_FA_D0903_003",5022,-1,0,"","","","D0903 雷の木の実"
"FLAG_GIMMICK_FA_D0903_004",5023,-1,0,"","","","未使用"
"FLAG_GIMMICK_FA_D0903_005",5024,-1,0,"","","","未使用"
"FLAG_GIMMICK_FA_D0903_006",5025,-1,0,"","","","未使用"
"FLAG_GIMMICK_FA_D0903_007",5026,-1,0,"","","","未使用"
"FLAG_GIMMICK_FA_D0903_008",5027,-1,0,"","","","未使用"
"FLAG_GIMMICK_FA_D0903_009",5028,-1,0,"","","","未使用"
"FLAG_GIMMICK_FA_D0903_010",5029,-1,0,"","","","未使用"
"FLAG_GIMMICK_FA_D0903_011",5030,-1,0,"","","","未使用"
"FLAG_GIMMICK_FA_D0903_012",5031,-1,0,"","","","未使用"
"FLAG_GIMMICK_FA_D0903_013",5032,-1,0,"","","","未使用"
"FLAG_GIMMICK_FA_D0903_014",5033,-1,0,"","","","未使用"
"FLAG_GIMMICK_FA_D0903_015",5034,-1,0,"","","","未使用"
"FLAG_GIMMICK_FA_D0903_016",5035,-1,0,"","","","未使用"
"FLAG_GIMMICK_FA_D0903_017",5036,-1,0,"","","","未使用"
"FLAG_GIMMICK_FA_D0903_018",5037,-1,0,"","","","未使用"
"FLAG_GIMMICK_FA_D0903_019",5038,-1,0,"","","","未使用"
"FLAG_GIMMICK_FA_D0903_020",5039,-1,0,"","","","未使用"
"FLAG_GIMMICK_FA_D0904_001",5040,-1,0,"","","","Faオブジェ"
"FLAG_GIMMICK_FA_D0904_002",5041,-1,0,"","","","Faオブジェ"
"FLAG_GIMMICK_FA_D0904_003",5042,-1,0,"","","","Faオブジェ"
"FLAG_GIMMICK_FA_D0904_004",5043,-1,0,"","","","Faオブジェ"
"FLAG_GIMMICK_FA_D0904_005",5044,-1,0,"","","","Faオブジェ"
"FLAG_GIMMICK_FA_D0904_006",5045,-1,0,"","","","未使用"
"FLAG_GIMMICK_FA_D0904_007",5046,-1,0,"","","","未使用"
"FLAG_GIMMICK_FA_D0904_008",5047,-1,0,"","","","未使用"
"FLAG_GIMMICK_FA_D0904_009",5048,-1,0,"","","","未使用"
"FLAG_GIMMICK_FA_D0904_010",5049,-1,0,"","","","未使用"
"FLAG_GIMMICK_FA_D0904_011",5050,-1,0,"","","","未使用"
"FLAG_GIMMICK_FA_D0904_012",5051,-1,0,"","","","未使用"
"FLAG_GIMMICK_FA_D0904_013",5052,-1,0,"","","","未使用"
"FLAG_GIMMICK_FA_D0904_014",5053,-1,0,"","","","未使用"
"FLAG_GIMMICK_FA_D0904_015",5054,-1,0,"","","","未使用"
"FLAG_GIMMICK_FA_D0904_016",5055,-1,0,"","","","未使用"
"FLAG_GIMMICK_FA_D0904_017",5056,-1,0,"","","","未使用"
"FLAG_GIMMICK_FA_D0904_018",5057,-1,0,"","","","未使用"
"FLAG_GIMMICK_FA_D0904_019",5058,-1,0,"","","","未使用"
"FLAG_GIMMICK_FA_D0904_020",5059,-1,0,"","","","未使用"
"FLAG_GIMMICK_FA_T0001_010",6000,-1,0,"","","","未使用"
"FLAG_GIMMICK_FA_T0101_010",6010,-1,0,"","","","未使用"
"FLAG_GIMMICK_FA_T0102_010",6020,-1,0,"","","","未使用"
"FLAG_GIMMICK_FA_T0103_010",6030,-1,0,"","","","未使用"
"FLAG_GIMMICK_FA_T0104_010",6040,-1,0,"","","","未使用"
"FLAG_GIMMICK_FA_T0105_010",6050,-1,0,"","","","未使用"
"FLAG_GIMMICK_FA_T0107_010",6060,-1,0,"","","","未使用"
"FLAG_GIMMICK_FA_T0108_010",6070,-1,0,"","","","未使用"
"FLAG_GIMMICK_FA_T0109_010",6080,-1,0,"","","","未使用"
"FLAG_GIMMICK_FA_T0110_010",6090,-1,0,"","","","未使用"
"FLAG_GIMMICK_FA_T0201_010",6100,-1,0,"","","","未使用"
"FLAG_GIMMICK_FA_T0203_010",6120,-1,0,"","","","未使用"
"FLAG_GIMMICK_FA_T0301_010",6140,-1,0,"","","","未使用"
"FLAG_GIMMICK_FA_T0302_010",6160,-1,0,"","","","未使用"
"FLAG_GIMMICK_FA_T0303_010",6180,-1,0,"","","","未使用"
"FLAG_GIMMICK_FA_T0304_010",6200,-1,0,"","","","未使用"
"FLAG_GIMMICK_FA_T0401_010",6220,-1,0,"","","","ＦＡゴミ箱（隠し狭間ゲート）"
"FLAG_GIMMICK_FA_T0402_010",6240,-1,0,"","","","未使用"
"FLAG_GIMMICK_FA_T0403_010",6260,-1,0,"","","","未使用"
"FLAG_GIMMICK_FA_T0404_010",6280,-1,0,"","","","未使用"
"FLAG_GIMMICK_FA_T3001_010",6300,-1,0,"","","","未使用"
"FLAG_GIMMICK_FA_T3002_010",6310,-1,0,"","","","未使用"
"FLAG_GIMMICK_FA_DLCEP3_010",6370,-1,0,"","","","DLC用パラレルモンの目1"
"FLAG_GIMMICK_FA_DLCEP3_020",6371,-1,0,"","","","DLC用パラレルモンの目2"
"FLAG_GIMMICK_FA_DLCEP3_030",6372,-1,0,"","","","DLC用パラレルモンの目3"
"FLAG_GIMMICK_FA_DLCEP3_040",6373,-1,0,"","","","DLC用パラレルモンの目4"
"FLAG_GIMMICK_FA_DLCEP3_050",6374,-1,0,"","","","DLC用パラレルモンの目5"
"FLAG_GIMMICK_FA_DLCEP3_060",6375,-1,0,"","","","DLC用パラレルモンの目6"
"FLAG_GIMMICK_FA_DLCEP3_070",6376,-1,0,"","","","DLC用パラレルモンの目7"
"FLAG_GIMMICK_FA_DLCEP3_080",6377,-1,0,"","","","DLC用パラレルモンの目8"
"FLAG_GIMMICK_FA_DLCEP3_090",6378,-1,0,"","","","DLC用パラレルモンの目9"
"FLAG_GIMMICK_FA_DLCEP3_100",6379,-1,0,"","","","DLC用パラレルモンの目10"
"FLAG_GIMMICK_FA_D5005_001",6390,-1,0,"","","","d5005パラレルモンが出てくるオブジェ1"
"FLAG_GIMMICK_FA_D5005_002",6391,-1,0,"","","","d5005パラレルモンが出てくるオブジェ2"
"FLAG_GIMMICK_FA_D5005_003",6392,-1,0,"","","","d5005パラレルモンが出てくるオブジェ3"
"FLAG_GIMMICK_FA_D5005_004",6393,-1,0,"","","","d5005パラレルモンが出てくるオブジェ4"
"FLAG_GIMMICK_FA_D5005_005",6394,-1,0,"","","","未使用"
